Tag ID,Marketplace Tag Name,Tag Title,Tag Status,Tag Load Rule Mappings,Tag Data Mappings
1003,Criteo OneTag,"Criteo OneTag - Tagging Anbieten Page",active,js.cmp_load,None,
,,,,js.criteo_sa_load,,
,,,,js.pag_pagetitle,,

1004,Criteo OneTag,"Criteo OneTag - Conversion PPA",inactive,js.cmp_load,js.criteo_price - product.price,
,,,,js.com_cit_articlenumber,js.criteo_quantity - product.quantity,
,,,,js.criteo_sa_load,js.criteo_transaction_id - transaction_id,

1006,Criteo OneTag,"Criteo OneTag - Tagging Anbieten Underpages",active,js.cmp_load,js.criteo_price - product.price,
,,,,js.criteo_sa_load,js.criteo_quantity - product.quantity,
,,,,js.pag_pagetitle,js.criteo_transaction_id - transaction_id,
,,,,,js.psn_customer_segment - product.id,

1019,Bing Ads Universal Event Tracking (UET),"Bing (BC) Solvency Check Sale (m028)",active,cp.utag_main_bing_optout,js.evt_ga_action - ea,
,,,,js.bing_load,js.evt_ga_category - ec,
,,,,js.cmp_load,js.evt_ga_label - el,
,,,,js.evt_ga_action,,
,,,,js.evt_ga_category,,
,,,,js.evt_ga_label,,

1021,Bing Ads Universal Event Tracking (UET),"Bing (NHB) Neubau Leads",inactive,cp.utag_main_bing_optout,cp.utag_main_seaid_ses - ec,
,,,,js.bing_load,,
,,,,js.cmp_load,,
,,,,js.evt_action,,
,,,,js.evt_category,,
,,,,js.evt_event,,
,,,,js.pag_pagetitle,,

1022,Criteo OneTag,"Criteo OneTag - Tagging Anbieten Makler Ausschluss",active,js.cmp_load,js.criteo_event_name - event,
,,,,js.criteo_sa_load,js.criteo_event_viewList - viewList.item,
,,,,js.psn_customer_segment,js.criteo_event_viewSearch - viewSearch.from,
,,,,js.svc_module_name,,

1025,Criteo OneTag,"Criteo OneTag - Tagging Makler Suche",active,js.cmp_load,js.criteo_event_name - event,
,,,,js.criteo_sa_load,js.criteo_event_viewItem - product_id,
,,,,js.pag_pagetitle,,

1026,Criteo OneTag,"Criteo OneTag - Conversion Makler Leadengine",active,js.cmp_load,js.criteo_price - product.price,
,,,,js.criteo_sa_load,js.criteo_product_id - product.id,
,,,,js.evt_ga_action,js.criteo_quantity - product.quantity,
,,,,js.evt_ga_category,js.criteo_transaction_id - transaction_id,
,,,,js.evt_ga_label,,
,,,,js.pag_dg3,,
,,,,js.svc_module_name,,

1037,DoubleClick - Floodlight,"DoubleClick - Floodlight - SalesConversion MLE - metapeople",active,cp.utag_main_doubleclick_optout,None,
,,,,js.cmp_load,,
,,,,js.google_non_tcf_load,,
,,,,js.pag_pagetitle,,

1039,Bing Ads Universal Event Tracking (UET),"Bing (G) Commercial Leads (m039)",active,cp.utag_main_bing_optout,cp.utag_main_seaid_ses - ec,
,,,,cp.utag_main_seaid_ses,,
,,,,js.bing_load,,
,,,,js.cmp_load,,
,,,,js.evt_count_pm_suche,,
,,,,js.evt_event,,
,,,,js.evt_ga_action,,
,,,,js.obj_ityp,,

1040,DoubleClick - Floodlight,"DoubleClick - Floodlight - SalesConversion PPA - metapeople ",active,cp.utag_main_doubleclick_optout,None,
,,,,cp.utag_main_utm_campaign_ses,,
,,,,cp.utag_main_utm_medium_ses,,
,,,,js.cmp_load,,
,,,,js.com_cit_articlenumber,,
,,,,js.google_non_tcf_load,,

1073,Krux-Ereignispixel,"Krux - Residential - Expose - Map POI School",active,js.cmp_load,js.obj_ityp - obj_ityp,
,,,,js.evt_ga_action,,
,,,,js.evt_ga_category,,
,,,,js.evt_ga_label,,
,,,,js.salesforce_dmp_krux_load,,

1074,Krux-Ereignispixel,"Krux - Residential - Expose - Map POI Kindergarden",active,js.cmp_load,js.obj_ityp - obj_ityp,
,,,,js.evt_ga_action,,
,,,,js.evt_ga_category,,
,,,,js.evt_ga_label,,
,,,,js.salesforce_dmp_krux_load,,

1082,Krux Event Pixel,"Krux - Finance - Lead Finance All",active,js.cmp_load,js.budget - budget,
,,,,js.evt_ga_action,js.employment - employment,
,,,,js.evt_ga_category,js.evt_event - evt_event,
,,,,js.salesforce_dmp_krux_load,js.evt_ga_label - evt_ga_label,
,,,,,js.financingtype - financingtype,
,,,,,js.geo_plz - zip,
,,,,,js.ownfunds - ownfunds,
,,,,,js.purchaseprice - purchaseprice,

1084,Krux Event Pixel,"Krux - Finance - Contact Layer",active,js.cmp_load,js.budget - budget,
,,,,js.pag_pagetitle,js.financing_date - financing_date,
,,,,js.salesforce_dmp_krux_load,js.financingtype - financingtype,
,,,,,js.geo_plz - geo_plz,
,,,,,js.ownfunds - ownfunds,
,,,,,js.project_state - project_state,
,,,,,js.property_usage - property_usage,
,,,,,js.psn_gender - psn_gender,
,,,,,js.purchaseprice - purchaseprice,

1085,Krux Event Pixel,"Krux - Relocation - Details Layer",active,js.cmp_load,None,
,,,,js.pag_pagetitle,,
,,,,js.salesforce_dmp_krux_load,,

1086,Krux Event Pixel,"Krux - Residential - Expose - Telekom Layer",active,js.cmp_load,js.obj_balcony - obj_balcony,
,,,,js.pag_pagetitle,js.obj_baseRent - obj_rent,
,,,,js.salesforce_dmp_krux_load,js.obj_baseRentRange - obj_baseRentRange,
,,,,,js.obj_buildingType - obj_type,
,,,,,js.obj_condition - obj_condition,
,,,,,js.obj_firingTypes - obj_heatingType,
,,,,,js.obj_furnished - obj_furnished,
,,,,,js.obj_garden - obj_garden,
,,,,,js.obj_hasKitchen - obj_hasKitchen,
,,,,,js.obj_interiorQual - obj_interiorQual,
,,,,,js.obj_ityp - obj_ityp,
,,,,,js.obj_livingSpace - obj_livingSpace,
,,,,,js.obj_noRooms - obj_noRooms,
,,,,,js.obj_purchasePrice - obj_price,
,,,,,js.obj_purchasePriceRange - obj_purchasePriceRange,
,,,,,js.obj_regio1 - obj_regio1,
,,,,,js.obj_regio2 - obj_regio2,
,,,,,js.obj_regio3 - obj_regio3,
,,,,,js.obj_typeOfFlat - obj_type,
,,,,,js.obj_zipCode - obj_zipcode,
,,,,,js.psn_gender - psn_gender,

1092,Krux Event Pixel,"Krux - Relocation - Lead Relocation All",active,js.cmp_load,js.evt_ga_label - evt_ga_label,
,,,,js.evt_ga_action,js.geo_move_distance - geo_move_distance,
,,,,js.evt_ga_category,js.geo_move_from_country - geo_move_from_country,
,,,,js.salesforce_dmp_krux_load,js.geo_move_from_date - geo_move_from_date,
,,,,,js.geo_move_from_plz - geo_move_from_plz,
,,,,,js.geo_move_to_country - geo_move_to_country,
,,,,,js.geo_move_to_date - geo_move_to_date,
,,,,,js.geo_move_to_plz - geo_move_to_plz,
,,,,,js.obj_household - obj_household,
,,,,,js.obj_livingSpace - obj_livingSpace,
,,,,,js.obj_move_from_ityp - obj_move_from_ityp,
,,,,,js.obj_move_to_ityp - obj_move_to_ityp,
,,,,,js.psn_gender - psn_gender,

1093,Krux Event Pixel,"Krux - Relocation - Cancellation Letter",active,js.cmp_load,None,
,,,,js.evt_ga_action,,
,,,,js.evt_ga_category,,
,,,,js.evt_ga_label,,
,,,,js.salesforce_dmp_krux_load,,

1094,Krux Event Pixel,"Krux - B2C - Solvency Check Sale",active,js.cmp_load,js.com_con_paymentmethod - com_con_paymentmethod,
,,,,js.evt_ga_action,,
,,,,js.evt_ga_category,,
,,,,js.evt_ga_label,,
,,,,js.salesforce_dmp_krux_load,,

1095,Krux Event Pixel,"Krux - B2C - Public Profile Sale",active,js.cmp_load,js.country_code - country_code,
,,,,js.evt_ga_action,js.evt_ga_label - evt_ga_label,
,,,,js.evt_ga_category,js.platform - platform,
,,,,js.evt_ga_label,,
,,,,js.salesforce_dmp_krux_load,,

1096,Krux Event Pixel,"Krux - B2C - Valuation Sale",active,js.cmp_load,js.com_cit_articlenumber - com_cit_articlenumber,
,,,,js.com_cit_articlenumber,js.com_cit_productfamily - com_cit_productfamily,
,,,,js.salesforce_dmp_krux_load,js.com_con_currency - com_con_currency,
,,,,js.svc_consumer_sco,js.com_con_paymentmethod - com_con_paymentmethod,
,,,,,js.com_con_price - com_con_price,
,,,,,js.country_code - country_code,

1097,Krux Event Pixel,"Krux - Residential - Expose - Contact Mail",active,js.cmp_load,js.obj_balcony - obj_balcony,
,,,,js.evt_event,js.obj_baseRent - obj_rent,
,,,,js.salesforce_dmp_krux_load,js.obj_baseRentRange - obj_baseRentRange,
,,,,js.svc_module_name,js.obj_buildingType - obj_type,
,,,,,js.obj_condition - obj_condition,
,,,,,js.obj_firingTypes - obj_heatingType,
,,,,,js.obj_furnished - obj_furnished,
,,,,,js.obj_garden - obj_garden,
,,,,,js.obj_hasKitchen - obj_hasKitchen,
,,,,,js.obj_interiorQual - obj_interiorQual,
,,,,,js.obj_ityp - obj_ityp,
,,,,,js.obj_livingSpace - obj_livingSpace,
,,,,,js.obj_noRooms - obj_noRooms,
,,,,,js.obj_purchasePrice - obj_price,
,,,,,js.obj_purchasePriceRange - obj_purchasePriceRange,
,,,,,js.obj_regio1 - obj_regio1,
,,,,,js.obj_regio2 - obj_regio2,
,,,,,js.obj_regio3 - obj_regio3,
,,,,,js.obj_typeOfFlat - obj_type,
,,,,,js.obj_zipCode - obj_zipcode,
,,,,,js.psn_gender - psn_gender,

1098,Krux Event Pixel,"Krux - Residential - Expose - Contact Phone Reveal",active,js.cmp_load,None,
,,,,js.evt_count_pm_suche,,
,,,,js.evt_ga_action,,
,,,,js.evt_ga_category,,
,,,,js.salesforce_dmp_krux_load,,

1099,Krux Event Pixel,"Krux - Residential - Expose - Contact Call",active,js.cmp_load,js.obj_balcony - obj_balcony,
,,,,js.evt_count_pm_suche,js.obj_baseRent - obj_rent,
,,,,js.evt_event,js.obj_baseRentRange - obj_baseRentRange,
,,,,js.evt_ga_action,js.obj_buildingType - obj_type,
,,,,js.evt_ga_category,js.obj_condition - obj_condition,
,,,,js.salesforce_dmp_krux_load,js.obj_firingTypes - obj_firingTypes,
,,,,,js.obj_furnished - obj_furnished,
,,,,,js.obj_garden - obj_garden,
,,,,,js.obj_hasKitchen - obj_hasKitchen,
,,,,,js.obj_interiorQual - obj_interiorQual,
,,,,,js.obj_ityp - obj_ityp,
,,,,,js.obj_livingSpace - obj_livingSpace,
,,,,,js.obj_noRooms - obj_noRooms,
,,,,,js.obj_purchasePrice - obj_price,
,,,,,js.obj_purchasePriceRange - obj_purchasePriceRange,
,,,,,js.obj_regio1 - obj_regio1,
,,,,,js.obj_regio2 - obj_regio2,
,,,,,js.obj_regio3 - obj_regio3,
,,,,,js.obj_typeOfFlat - obj_type,
,,,,,js.obj_zipCode - obj_zipcode,
,,,,,js.psn_gender - psn_gender,

1101,Krux Event Pixel,"Krux - Residential - Expose - Save Object",active,js.cmp_load,js.obj_balcony - obj_balcony,
,,,,js.evt_event,js.obj_baseRent - obj_rent,
,,,,js.evt_saved,js.obj_baseRentRange - obj_baseRentRange,
,,,,js.salesforce_dmp_krux_load,js.obj_buildInKitchen - buildInKitchen,
,,,,js.svc_module_name,js.obj_buildingType - obj_type,
,,,,,js.obj_condition - obj_condition,
,,,,,js.obj_firingTypes - obj_heatingType,
,,,,,js.obj_furnished - obj_furnished,
,,,,,js.obj_garden - obj_garden,
,,,,,js.obj_interiorQual - obj_interiorQual,
,,,,,js.obj_ityp - obj_ityp,
,,,,,js.obj_livingSpace - obj_livingSpace,
,,,,,js.obj_noRooms - obj_noRooms,
,,,,,js.obj_purchasePrice - obj_price,
,,,,,js.obj_purchasePriceRange - obj_purchasePriceRange,
,,,,,js.obj_regio1 - obj_regio1,
,,,,,js.obj_regio2 - obj_regio2,
,,,,,js.obj_regio3 - obj_regio3,
,,,,,js.obj_typeOfFlat - obj_type,
,,,,,js.obj_zipCode - obj_zipcode,
,,,,,js.psn_gender - psn_gender,

1103,Krux Event Pixel,"Krux - Residential - Resultlist - Save Object",active,js.cmp_load,js.obj_balcony - obj_balcony,
,,,,js.evt_event,js.obj_baseRent - obj_rent,
,,,,js.evt_saved,js.obj_baseRentRange - obj_baseRentRange,
,,,,js.salesforce_dmp_krux_load,js.obj_buildInKitchen - buildInKitchen,
,,,,js.svc_module_name,js.obj_buildingType - obj_type,
,,,,,js.obj_condition - obj_condition,
,,,,,js.obj_firingTypes - obj_heatingType,
,,,,,js.obj_furnished - obj_furnished,
,,,,,js.obj_garden - obj_garden,
,,,,,js.obj_interiorQual - obj_interiorQual,
,,,,,js.obj_ityp - obj_ityp,
,,,,,js.obj_livingSpace - obj_livingSpace,
,,,,,js.obj_noRooms - obj_noRooms,
,,,,,js.obj_purchasePrice - obj_price,
,,,,,js.obj_purchasePriceRange - obj_purchasePriceRange,
,,,,,js.obj_regio1 - obj_regio1,
,,,,,js.obj_regio2 - obj_regio2,
,,,,,js.obj_regio3 - obj_regio3,
,,,,,js.obj_typeOfFlat - obj_type,
,,,,,js.obj_zipCode - obj_zipcode,
,,,,,js.psn_gender - psn_gender,

1105,Bing Ads Universal Event Tracking (UET),"Bing (F-L) Baufi (m008)",active,cp.utag_main_bing_optout,js.evt_ga_action - ea,
,,,,js.bing_load,js.evt_ga_category - ec,
,,,,js.cmp_load,js.evt_ga_label - el,
,,,,js.evt_ga_action,,
,,,,js.evt_ga_category,,

1117,Bing Ads Universal Event Tracking (UET),"Bing (NHB) Haubau KatalogLead (m050)",inactive,cp.utag_main_bing_optout,js.evt_ga_action - ea,
,,,,js.bing_load,js.evt_ga_category - ec,
,,,,js.cmp_load,js.evt_ga_label - el,
,,,,js.evt_event,,
,,,,js.evt_ga_action,,
,,,,js.evt_ga_category,,
,,,,js.evt_ga_label,,
,,,,js.evt_leadtype,,
,,,,js.pag_pagetitle,,
,,,,js_page.utag.cfg.path,,

1122,Google Universal Analytics,"Google Universal Analytics for Marketplace",inactive,cp.utag_main_ga_optout,cp.utag_main_psn_usr_login_cookie - dimension7, dimension8,
,,,,js.autotracked,dom.domain - set.&amp;dh,
,,,,js.ivw_picture,dom.referrer - dimension17,
,,,,js.pag_pagetitle,dom.url - dimension1,
,,,,js.svc_module_name,js.ab_chs - dimension79,
,,,,,js.adid - set.&amp;adid,
,,,,,js.cmp_creative - enh_promo_creative,
,,,,,js.cmp_id - enh_promo_id,
,,,,,js.cmp_name - enh_promo_name,
,,,,,js.cmp_position - enh_promo_position,
,,,,,js.com_cit_articlenumber - dimension20,
,,,,,js.com_cit_productfamily - dimension21,
,,,,,js.com_con_paymentmethod - dimension23, enh_checkout_option,
,,,,,js.enh_action - enh_action,
,,,,,js.evt_ga_action - eventAction,
,,,,,js.evt_ga_category - eventCategory,
,,,,,js.evt_ga_label - eventLabel,
,,,,,js.evt_ga_value - eventValue,
,,,,,js.evt_lafid - dimension182,
,,,,,js.evt_mid - dimension2,
,,,,,js.evt_ozahl - dimension150,
,,,,,js.evt_sart - dimension151,
,,,,,js.evt_type - nonInteraction,
,,,,,js.ga_account_id - account,
,,,,,js.ga_ad_tracking_enabled - set.&amp;ate,
,,,,,js.ga_appname - appName,
,,,,,js.ga_cd_app_push - dimension18,
,,,,,js.ga_cd_appentry - dimension175,
,,,,,js.ga_cd_application_requirements - dimension156,
,,,,,js.ga_cd_commercial_search_objecttypefilter - pageview-dimension160,
,,,,,js.ga_cd_commercial_search_pricetypefilter - pageview-dimension158,
,,,,,js.ga_cd_commercial_search_tempoffices - dimension194,
,,,,,js.ga_cd_contactmanager_bulk - dimension197,
,,,,,js.ga_cd_cxp_abtest - dimension96,
,,,,,js.ga_cd_cxp_current_state - dimension134,
,,,,,js.ga_cd_cxp_historicallisting - dimension157,
,,,,,js.ga_cd_cxp_interactivepic - dimension146,
,,,,,js.ga_cd_cxp_notifcationpermission - dimension142,
,,,,,js.ga_cd_cxp_previous_state - dimension135,
,,,,,js.ga_cd_cxp_referrer - dimension163,
,,,,,js.ga_cd_developer_clickoutlocation - link-dimension148,
,,,,,js.ga_cd_developer_contactlayerlocation - pageview-dimension144,
,,,,,js.ga_cd_developer_contactlocation - link-dimension147,
,,,,,js.ga_cd_developer_pre_filled_form - dimension130,
,,,,,js.ga_cd_developer_projectid - dimension178,
,,,,,js.ga_cd_developer_projectref - dimension154,
,,,,,js.ga_cd_developer_projecttype - dimension174,
,,,,,js.ga_cd_developer_sold_properties - link-dimension145,
,,,,,js.ga_cd_developer_virtualreality - dimension176,
,,,,,js.ga_cd_disctrictype - dimension166,
,,,,,js.ga_cd_districtcount - dimension167,
,,,,,js.ga_cd_finance_exclusivity - dimension131,
,,,,,js.ga_cd_homepage_state - dimension133,
,,,,,js.ga_cd_mailingdate - dimension179,
,,,,,js.ga_cd_messenger_status - dimension168,
,,,,,js.ga_cd_messenger_totalmessages - dimension180,
,,,,,js.ga_cd_messenger_unreadmessages - dimension181,
,,,,,js.ga_cd_notification_switch_lastsearch - dimension139,
,,,,,js.ga_cd_notification_switch_messenger - dimension138,
,,,,,js.ga_cd_notification_switch_savedsearch - dimension137,
,,,,,js.ga_cd_notificationentry - dimension184,
,,,,,js.ga_cd_notificationstatus - dimension187,
,,,,,js.ga_cd_profile_status - dimension152,
,,,,,js.ga_cd_profilecontact - link-dimension188,
,,,,,js.ga_cd_profireport_specs - dimension153,
,,,,,js.ga_cd_pushtopic - dimension140,
,,,,,js.ga_cd_resultlist_map - dimension195,
,,,,,js.ga_cd_searchfilter - dimension164,
,,,,,js.ga_cd_searchtypefilter - pageview-dimension161,
,,,,,js.ga_cd_test_cj_1 - dimension89,
,,,,,js.ga_cd_test_commercial_two - dimension92,
,,,,,js.ga_cd_test_conmon - dimension83,
,,,,,js.ga_cd_test_cxp - dimension77,
,,,,,js.ga_cd_test_cxp_2 - dimension78,
,,,,,js.ga_cd_test_cxp_SSO - dimension94,
,,,,,js.ga_cd_test_developer - dimension84,
,,,,,js.ga_cd_test_ppa_2 - dimension95,
,,,,,js.ga_cd_textsize - link-dimension185,
,,,,,js.ga_cd_valuation_clicker_type - dimension169,
,,,,,js.ga_cm_application_package_self_report_event - link-metric60,
,,,,,js.ga_cm_clickout_electricity - link-metric69,
,,,,,js.ga_cm_clickout_finance - link-metric11,
,,,,,js.ga_cm_clickout_homebuilder_partner_ext - link-metric51,
,,,,,js.ga_cm_clickout_homebuilder_partner_int - link-metric52,
,,,,,js.ga_cm_clickout_insurance - link-metric72,
,,,,,js.ga_cm_clickout_internet - link-metric70,
,,,,,js.ga_cm_clickout_ksv - link-metric71,
,,,,,js.ga_cm_clickout_relocation - link-metric12,
,,,,,js.ga_cm_conmon_applicationpackagecreate - link-metric54,
,,,,,js.ga_cm_conmon_profilecreate - link-metric38,
,,,,,js.ga_cm_contact_call - link-metric2,
,,,,,js.ga_cm_contact_call_com - link-metric40,
,,,,,js.ga_cm_contact_call_developer - link-metric64,
,,,,,js.ga_cm_contact_mail - link-metric1,
,,,,,js.ga_cm_contact_mail_com - link-metric39,
,,,,,js.ga_cm_contact_mail_dev - link-metric48,
,,,,,js.ga_cm_contact_mail_save_object - pageview-metric1, pageview-metric4,
,,,,,js.ga_cm_contact_mail_save_object_com - pageview-metric39,
,,,,,js.ga_cm_contact_mail_save_object_dev - pageview-metric48,
,,,,,js.ga_cm_contact_phonereveal - link-metric3,
,,,,,js.ga_cm_contact_phonereveal_com - link-metric41,
,,,,,js.ga_cm_contact_phonereveal_dev - link-metric55,
,,,,,js.ga_cm_districtsearch - link-metric66,
,,,,,js.ga_cm_expose_view - link-metric14,
,,,,,js.ga_cm_lead - link-metric16,
,,,,,js.ga_cm_lead_businessdirectory - link-metric19,
,,,,,js.ga_cm_lead_commercial - link-metric18,
,,,,,js.ga_cm_lead_developer - link-metric10,
,,,,,js.ga_cm_lead_finance - link-metric8,
,,,,,js.ga_cm_lead_finance_co - link-metric35,
,,,,,js.ga_cm_lead_finance_le - link-metric34,
,,,,,js.ga_cm_lead_finance_le_co - link-metric33,
,,,,,js.ga_cm_lead_homebuilder - link-metric17,
,,,,,js.ga_cm_lead_homebuilder_catalogue - link-metric50,
,,,,,js.ga_cm_lead_homebuilder_leadpartner - link-metric49,
,,,,,js.ga_cm_lead_homeowner - link-metric20,
,,,,,js.ga_cm_lead_relocation - link-metric9,
,,,,,js.ga_cm_lead_relocation_le_clearing - link-metric46,
,,,,,js.ga_cm_lead_relocation_le_commercial - link-metric44,
,,,,,js.ga_cm_lead_relocation_le_piano - link-metric45,
,,,,,js.ga_cm_lead_relocation_le_private - link-metric43,
,,,,,js.ga_cm_lead_relocation_le_small - link-metric36,
,,,,,js.ga_cm_lead_relocation_le_storage - link-metric47,
,,,,,js.ga_cm_radiussearch - link-metric65,
,,,,,js.ga_cm_radiussize - dimension165,
,,,,,js.ga_cm_relocation_cancellation_template - link-metric53,
,,,,,js.ga_cm_sales_all - link-metric13,
,,,,,js.ga_cm_sales_boni - link-metric28,
,,,,,js.ga_cm_sales_boni_iphone - pageview-metric28, pageview-metric74,
,,,,,js.ga_cm_sales_boni_schufa - link-metric74,
,,,,,js.ga_cm_sales_electricrate - link-metric56,
,,,,,js.ga_cm_sales_energycertificate - link-metric37,
,,,,,js.ga_cm_sales_ibw - link-metric29,
,,,,,js.ga_cm_sales_mietpreischeck - link-metric30,
,,,,,js.ga_cm_sales_ppa - link-metric27,
,,,,,js.ga_cm_sales_suchanzeige - link-metric32,
,,,,,js.ga_cm_sales_transportservice - link-metric31,
,,,,,js.ga_cm_sales_valuation_property_check - link-metric77,
,,,,,js.ga_cm_sales_valuation_real_estate_check - link-metric78,
,,,,,js.ga_cm_save_object - link-metric4,
,,,,,js.ga_cm_save_object_expose_view - pageview-metric4, pageview-metric14,
,,,,,js.ga_cm_save_object_expose_view_user_login - pageview-metric4, pageview-metric14, pageview-metric7,
,,,,,js.ga_cm_save_object_expose_view_user_registration - pageview-metric4, pageview-metric14, pageview-metric6,
,,,,,js.ga_cm_save_object_user_login - pageview-metric4, pageview-metric7,
,,,,,js.ga_cm_save_object_user_registration - pageview-metric4, pageview-metric6,
,,,,,js.ga_cm_save_search - link-metric5,
,,,,,js.ga_cm_save_search_search - pageview-metric5, pageview-metric15,
,,,,,js.ga_cm_save_search_search_user_login - pageview-metric5, pageview-metric15, pageview-metric7,
,,,,,js.ga_cm_save_search_search_user_registration - pageview-metric5, pageview-metric15, pageview-metric6,
,,,,,js.ga_cm_save_search_user_login - pageview-metric5, pageview-metric7,
,,,,,js.ga_cm_save_search_user_registration - pageview-metric5, pageview-metric6,
,,,,,js.ga_cm_search - link-metric15,
,,,,,js.ga_cm_social_like_facebook - link-metric26,
,,,,,js.ga_cm_social_share - link-metric21,
,,,,,js.ga_cm_social_share_email - link-metric22,
,,,,,js.ga_cm_social_share_facebook - link-metric23,
,,,,,js.ga_cm_social_share_google - link-metric25,
,,,,,js.ga_cm_social_share_twitter - link-metric24,
,,,,,js.ga_cm_user_login - link-metric7,
,,,,,js.ga_cm_user_registration - link-metric6,
,,,,,js.ga_cm_user_registration_homeowner - pageview-metric42,
,,,,,js.ga_enable_screen_view - screenView,
,,,,,js.ga_event_override - a,
,,,,,js.ga_sitespeedsamplerate - siteSpeedSampleRate,
,,,,,js.geo_bln - dimension27,
,,,,,js.geo_krs - dimension28,
,,,,,js.geo_land - dimension26,
,,,,,js.geo_plz - dimension29,
,,,,,js.idfa - set.&amp;idfa,
,,,,,js.krux_segments - dimension19,
,,,,,js.obj_ExclusiveExpose - dimension183,
,,,,,js.obj_ityp - dimension3,
,,,,,js.obj_mapzahl - dimension155,
,,,,,js.obj_nbp - dimension200,
,,,,,js.obj_nbp_apps - link-dimension186,
,,,,,js.obj_ozahl - dimension199,
,,,,,js.obj_privinsertion - dimension191,
,,,,,js.obj_scoutid - dimension4,
,,,,,js.orientation - dimension143,
,,,,,js.pag_content - dimension198,
,,,,,js.pag_dg1 - contentGroup1,
,,,,,js.pag_dg2 - contentGroup2,
,,,,,js.pag_dg3 - contentGroup3,
,,,,,js.pag_dg4 - contentGroup4,
,,,,,js.pag_dg5 - contentGroup5,
,,,,,js.pag_pagetitle - location, screenName,
,,,,,js.pag_source - pageview-dimension177,
,,,,,js.psn_act_commercial - dimension31, dimension32,
,,,,,js.psn_usr_appversion - appVersion,
,,,,,js.psn_usr_login_type - dimension34,
,,,,,js.psn_usr_segment - dimension33,
,,,,,js.psn_usr_ssoid - dimension5, dimension6,
,,,,,js.svc_consumer_ftr - dimension16,
,,,,,js.svc_consumer_sco - dimension22,
,,,,,js.svc_consumer_sso - dimension15,
,,,,,js.svc_internal_ip - dimension30,
,,,,,js.svc_module_name - dimension9,
,,,,,js.utm_campaign - campaignName,
,,,,,js.utm_content - campaignContent,
,,,,,js.utm_medium - campaignMedium,
,,,,,js.utm_source - campaignSource,
,,,,,qp.ga_cd_developer_project_app - dimension196,
,,,,,qp.qa_traffic - dimension136,
,,,,,qp.utm_campaign - campaignName, dimension14, dimension173,
,,,,,qp.utm_content - campaignContent, dimension13, dimension172,
,,,,,qp.utm_medium - campaignMedium, dimension11, dimension171,
,,,,,qp.utm_source - campaignSource, dimension10, dimension170,
,,,,,qp.utm_term - campaignKeyword, dimension12,

1125,Mouseflow,"Developer | 1 | Highrise Professional",inactive,js.cmp_load,js.pag_pagetitle - page_url,
,,,,js.ga_cd_developer_projecttype,,
,,,,js.mouseflow_inc_load,,

1129,Mouseflow,"CS | 1 | Relocation",inactive,js.cmp_load,cp.utag_main_psn_usr_login_cookie - loginStatus,
,,,,js.mouseflow_inc_load,cp.utag_main_utm_campaign_ses - utmCampaign,
,,,,js.pag_pagetitle,cp.utag_main_utm_medium_ses - utmMedium,
,,,,js.ut.event,cp.utag_main_utm_source_ses - utmSource,
,,,,,js.pag_pagetitle - page_url, mouseflowPath,
,,,,,js.psn_usr_language - userLanguage,
,,,,,js_page.localStorage.optimizelyExperimentVariationKey - optimizelyExperimentGroup,

1130,Krux-Ereignispixel,"Krux  - Residential - Expose - Map POI DSL",active,js.cmp_load,js.obj_ityp - obj_ityp,
,,,,js.evt_ga_action,,
,,,,js.evt_ga_category,,
,,,,js.evt_ga_label,,
,,,,js.salesforce_dmp_krux_load,,

1131,Krux-Ereignispixel,"Krux - Residential - Expose - Map POI Mobile",active,js.cmp_load,js.obj_ityp - obj_ityp,
,,,,js.evt_ga_action,,
,,,,js.evt_ga_category,,
,,,,js.evt_ga_label,,
,,,,js.salesforce_dmp_krux_load,,

1135,Bing Ads Universal Event Tracking (UET),"Bing (B) PPA Sale (m027)",inactive,cp.utag_main_bing_optout,cp.utag_main_seaid_ses - ec,
,,,,cp.utag_main_seaid_ses,,
,,,,js.bing_load,,
,,,,js.cmp_load,,
,,,,js.com_cit_articlename,,
,,,,js.com_cit_articlenumber,,
,,,,js.psn_act_commercial,,
,,,,js.svc_consumer_sco,,

1147,Criteo OneTag,"Criteo OneTag - Tagging User Split for Anbieten Box",active,js.cmp_load,js.psn_usr_segment - setData.from,
,,,,js.criteo_sa_load,,
,,,,js.pag_pagetitle,,

1162,Tealium Pixel (or Iframe) Container,"Taboola - Retargeting for Realtor LE",active,js.cmp_load,None,
,,,,js.pag_pagetitle,,
,,,,js.svc_module_name,,
,,,,js.taboola_europe_limited_load,,

1164,DoubleClick - Floodlight,"DoubleClick - Floodlight - Gewerbekontakt Mail+Call - metapeople",active,cp.utag_main_doubleclick_optout,None,
,,,,js.cmp_load,,
,,,,js.evt_count_pm_suche,,
,,,,js.evt_event,,
,,,,js.evt_ga_action,,
,,,,js.google_non_tcf_load,,
,,,,js.obj_ityp,,

1165,DoubleClick - Floodlight,"DoubleClick - Floodlight - Gewerbe Kontakt Call - metapeople",active,cp.utag_main_doubleclick_optout,None,
,,,,js.cmp_load,,
,,,,js.evt_ga_action,,
,,,,js.evt_ga_category,,
,,,,js.google_non_tcf_load,,
,,,,js.obj_ityp,,

1266,Tealium Custom Container,"Consumer Satisfaction Survey",active,dom.pathname,None,
,,,,dom.url,,
,,,,js.cmp_load,,
,,,,js.scout24_ag_load,,

1272,Tealium Custom Container,"comScore MMX",active,js.cmp_load,None,
,,,,js.comscore_load,,
,,,,js.ivw_picture,,
,,,,js.svc_module_name,,
,,,,js.ut.profile,,

1273,Tealium Pixel (or Iframe) Container,"Taboola - Conversion for Realtor LE",active,cp.utag_main_utm_campaign_90d,None,
,,,,js.cmp_load,,
,,,,js.taboola_europe_limited_load,,

1274,Tealium Custom Container,"Outbrain - PPA Sale",inactive,js.cmp_load,None,
,,,,js.com_cit_articlenumber,,
,,,,js.outbrain_uk_ltd_load,,

1277,Tealium Custom Container,"Outbrain - Universal Tag for PPA",active,js.cmp_load,None,
,,,,js.outbrain_uk_ltd_load,,
,,,,js.pag_pagetitle,,

1286,Mouseflow,"CXP | 3 | SSO",inactive,js.cmp_load,js.pag_pagetitle - page_url,
,,,,js.mouseflow_inc_load,,
,,,,qp.appName,,
,,,,qp.expand,,

1288,Mouseflow,"Residential | 4 | RLE",inactive,js.cmp_load,cp.utag_main_psn_usr_login_cookie - loginStatus,
,,,,js.mouseflow_inc_load,cp.utag_main_utm_campaign_ses - utmCampaign,
,,,,js.pag_pagetitle,cp.utag_main_utm_medium_ses - utmMedium,
,,,,js.ut.event,cp.utag_main_utm_source_ses - utmSource,
,,,,,js.ga_cd_rle_intent - testGroup,
,,,,,js.pag_pagetitle - page_url, mouseflowPath,
,,,,,js.svc_module_name - moduleName,

1289,Mouseflow,"CS | 6 | Finance (Customer)",active,js.cmp_load,cp.utag_main_psn_usr_login_cookie - loginStatus,
,,,,js.mouseflow_inc_load,cp.utag_main_utm_campaign_ses - utmCampaign,
,,,,js.pag_pagetitle,cp.utag_main_utm_medium_ses - utmMedium,
,,,,js.ut.event,cp.utag_main_utm_source_ses - utmSource,
,,,,,js.pag_pagetitle - page_url, mouseflowPath,

1293,Tealium Custom Container,"Outbrain - Realtor Lead Conversion",active,js.cmp_load,js.evt_lafid - leadID,
,,,,js.evt_ga_action,,
,,,,js.evt_ga_category,,
,,,,js.evt_ga_label,,
,,,,js.outbrain_uk_ltd_load,,
,,,,js.pag_dg3,,
,,,,js.svc_module_name,,

1294,Tealium Custom Container,"Outbrain - Universal Tag for MLE",active,js.cmp_load,None,
,,,,js.outbrain_uk_ltd_load,,
,,,,js.pag_pagetitle,,

1295,Tealium Pixel (or Iframe) Container,"Outbrain - Realtor - Exclude Converted User",active,js.cmp_load,None,
,,,,js.evt_ga_action,,
,,,,js.evt_ga_category,,
,,,,js.evt_ga_label,,
,,,,js.outbrain_uk_ltd_load,,
,,,,js.pag_dg3,,
,,,,js.svc_module_name,,

1297,Mouseflow,"CXP | 2 | Homepage",inactive,cp.is24_experiment_reporting,cp.is24_experiment_reporting - optimizelyExperimentGroup,
,,,,js.cmp_load,cp.utag_main_psn_usr_login_cookie - loginStatus,
,,,,js.mouseflow_inc_load,cp.utag_main_utm_campaign_ses - utmCampaign,
,,,,js.pag_pagetitle,cp.utag_main_utm_medium_ses - utmMedium,
,,,,js.ut.event,cp.utag_main_utm_source_ses - utmSource,
,,,,,js.pag_pagetitle - page_url, mouseflowPath,

1308,Tealium Custom Container,"Outbrain | Relocation | Lead",inactive,js.cmp_load,None,
,,,,js.evt_ga_action,,
,,,,js.evt_ga_category,,
,,,,js.outbrain_uk_ltd_load,,

1309,Tealium Custom Container,"Outbrain | Relocation | Universal Tag",inactive,js.cmp_load,None,
,,,,js.outbrain_uk_ltd_load,,
,,,,js.pag_pagetitle,,

1310,Tealium Pixel (or Iframe) Container,"Outbrain | Relocation | Exclusion",inactive,js.cmp_load,None,
,,,,js.evt_ga_action,,
,,,,js.evt_ga_category,,
,,,,js.outbrain_uk_ltd_load,,

1378,Mouseflow,"PPA | 2 | MeinKonto",inactive,js.cmp_load,cp.utag_main_psn_usr_login_cookie - loginStatus,
,,,,js.mouseflow_inc_load,cp.utag_main_utm_campaign_ses - utmCampaign,
,,,,js.pag_pagetitle,cp.utag_main_utm_medium_ses - utmMedium,
,,,,js.ut.event,cp.utag_main_utm_source_ses - utmSource,
,,,,,js.pag_pagetitle - page_url, mouseflowPath,

1398,Tealium Generic Tag,"GSI-OM-fraud detection ",inactive,None (loads on all pages),None,

1410,Krux Event Pixel,"Krux  - ConServices - Universal Event Tag",active,js.cmp_load,js.evt_ga_action - event_action,
,,,,js.evt_ga_action,js.evt_ga_category - event_category,
,,,,js.evt_ga_category,js.evt_ga_label - event_label,
,,,,js.evt_ga_label,,
,,,,js.salesforce_dmp_krux_load,,
,,,,js.ut.event,,

1412,Mouseflow,"Residential | 1 | RESI 2020",inactive,dom.url,cp.utag_main_psn_usr_login_cookie - loginStatus,
,,,,js.cmp_load,cp.utag_main_utm_campaign_ses - utmCampaign,
,,,,js.mouseflow_inc_load,cp.utag_main_utm_medium_ses - utmMedium,
,,,,js.pag_pagetitle,cp.utag_main_utm_source_ses - utmSource,
,,,,js.ut.event,js.pag_pagetitle - page_url, mouseflowPath,
,,,,,js.ut.visitor_id - tealiumVisitorId,
,,,,,qp.cwid - cwid,

1418,Tealium Custom Container,"eMetriq - Data Pool (Telekom)",active,js.cmp_load,None,
,,,,js.emetriq_load,,
,,,,js.ut.domain,,
,,,,js.ut.event,,

1424,Mouseflow,"CS | 5 | B2C (Premium Profile)",active,js.cmp_load,cp.utag_main_psn_usr_login_cookie - loginStatus,
,,,,js.mouseflow_inc_load,cp.utag_main_utm_campaign_ses - utmCampaign,
,,,,js.pag_pagetitle,cp.utag_main_utm_content_ses - utmContent,
,,,,js.ut.event,cp.utag_main_utm_medium_ses - utmMedium,
,,,,,cp.utag_main_utm_source_ses - utmSource,
,,,,,js.pag_pagetitle - page_url, mouseflowPath,
,,,,,js_page.localStorage.optimizelyExperimentVariationKey - optimizelyExperimentGroup,

1425,Krux Event Pixel,"Krux - Expose - Telekom Speed Check Link",active,js.cmp_load,None,
,,,,js.evt_ga_action,,
,,,,js.evt_ga_category,,
,,,,js.evt_ga_label,,
,,,,js.salesforce_dmp_krux_load,,

1427,Krux Event Pixel,"DA - Address Change Clickout",active,js.cmp_load,None,
,,,,js.evt_ga_action,,
,,,,js.evt_ga_category,,
,,,,js.evt_ga_label,,
,,,,js.salesforce_dmp_krux_load,,
,,,,qp.evt_ga_catgeory,,

1433,Google AdWords-Conversion-Tracking (gtag.js),"Google (RLE) Submission",active,cp.utag_main_googleAdwords_optout,None,
,,,,js.cmp_load,,
,,,,js.evt_ga_action,,
,,,,js.evt_ga_category,,
,,,,js.evt_ga_label,,
,,,,js.google_non_tcf_load,,
,,,,js.svc_module_name,,

1435,Google AdWords-Conversion-Tracking (gtag.js),"Google (RLE) SAT Submission",active,cp.utag_main_googleAdwords_optout,None,
,,,,js.cmp_load,,
,,,,js.evt_ga_action,,
,,,,js.evt_ga_category,,
,,,,js.evt_ga_label,,
,,,,js.google_non_tcf_load,,
,,,,js.pag_dg3,,

1437,Google AdWords-Conversion-Tracking (gtag.js),"Google (RLE) SAT-MI Basic Lead",active,cp.utag_main_googleAdwords_optout,None,
,,,,js.cmp_load,,
,,,,js.evt_ga_action,,
,,,,js.evt_ga_category,,
,,,,js.evt_ga_label,,
,,,,js.google_non_tcf_load,,
,,,,js.pag_dg3,,

1450,Tealium Custom Container,"Emetriq XDN for S24 Media",inactive,js.cmp_load,None,
,,,,js.emetriq_load,,
,,,,js.pag_pagetitle,,
,,,,js.svc_module_name,,

1453,Bing Ads Universal Event Tracking (UET),"Bing (BC) Solvency Check Premium (m080) ",active,cp.utag_main_bing_optout,js.evt_ga_action - ea,
,,,,js.bing_load,js.evt_ga_category - ec,
,,,,js.cmp_load,js.evt_ga_label - el,
,,,,js.evt_ga_action,,
,,,,js.evt_ga_category,,
,,,,js.evt_ga_label,,

1454,Bing Ads Universal Event Tracking (UET),"Bing (DEV) Neubau Anbieterkontakt Mail",inactive,cp.utag_main_seaid_ses,js.evt_event - ea,
,,,,js.bing_load,,
,,,,js.cmp_load,,
,,,,js.evt_event,,

1461,LinkedIn Insight Tag,"LinkedIn Insight Tag",inactive,dom.url,None,
,,,,js.cmp_load,,
,,,,js.linkedin_ireland_unlimited_company_load,,

1464,Taboola-Pixel,"Taboola MLE/IBW",active,js.cmp_load,static.text.taboola_mle_lead - event_name,
,,,,js.evt_ga_action,,
,,,,js.evt_ga_category,,
,,,,js.evt_ga_label,,
,,,,js.pag_dg3,,
,,,,js.svc_module_name,,
,,,,js.taboola_europe_limited_load,,

1467,Krux Event Pixel,"Krux - CXP - HNC Homeseller Engagement",active,js.cmp_load,None,
,,,,js.salesforce_dmp_krux_load,,
,,,,qp.cmp_id,,

1470,Taboola Pixel,"Taboola Pixel",active,js.cmp_load,None,
,,,,js.taboola_europe_limited_load,,

1472,Taboola Pixel,"OM - Taboola All Page Views",active,js.cmp_load,None,
,,,,js.pag_pagetitle,,
,,,,js.taboola_europe_limited_load,,

1474,Mouseflow,"Residential | 3 | Atlas",inactive,js.cmp_load,cp.utag_main_psn_usr_login_cookie - loginStatus,
,,,,js.ga_cd_test_residential_1,cp.utag_main_utm_campaign_ses - utmCampaign,
,,,,js.mouseflow_inc_load,cp.utag_main_utm_medium_ses - utmMedium,
,,,,js.svc_module_name,cp.utag_main_utm_source_ses - utmSource,
,,,,js.ut.event,js.pag_pagetitle - page_url, mouseflowPath,
,,,,,js.ut.visitor_id - tealiumVisitorId,
,,,,,qp.cwid - cwid,

1480,Mouseflow,"CXP | 4 | Result List",inactive,cp.is24_experiment_reporting,cp.is24_experiment_reporting - optimizelyExperimentGroup,
,,,,js.cmp_load,cp.utag_main_psn_usr_login_cookie - loginStatus,
,,,,js.mouseflow_inc_load,cp.utag_main_utm_campaign_ses - utmCampaign,
,,,,js.pag_pagetitle,cp.utag_main_utm_medium_ses - utmMedium,
,,,,js.ut.event,cp.utag_main_utm_source_ses - utmSource,
,,,,,js.pag_pagetitle - page_url, mouseflowPath,

1482,LinkedIn Insight Tag,"LinkedIn Insight Tag OM Account",active,dom.url,None,
,,,,js.cmp_load,,
,,,,js.linkedin_ireland_unlimited_company_load,,

1485,Google AdWords-Conversion-Tracking (gtag.js),"Google Ads - de_projects_kunde_werden_20191202",active,cp.utag_main_googleAdwords_optout,None,
,,,,js.cmp_load,,
,,,,js.google_non_tcf_load,,
,,,,js.pag_pagetitle,,

1486,Bing Ads Universal Event Tracking (UET),"Bing (RLE) Basic Lead",active,cp.utag_main_bing_optout,js.evt_ga_action - ea,
,,,,js.bing_load,js.evt_ga_category - ec,
,,,,js.cmp_load,js.evt_ga_label - el,
,,,,js.evt_ga_action,,
,,,,js.evt_ga_category,,
,,,,js.evt_ga_label,,

1490,Mouseflow,"CXP | 5 | bauen",active,dom.url,None,
,,,,js.cmp_load,,
,,,,js.mouseflow_inc_load,,
,,,,js.pag_pagetitle,,

1491,Taboola-Pixel,"Taboola MLE/IBW Soft Conversion",active,js.cmp_load,static.text.taboola_mle_soft_conversion - event_name,
,,,,js.evt_category,,
,,,,js.ga_cd_rle_intent,,
,,,,js.pag_dg2,,
,,,,js.pag_dg3,,
,,,,js.pag_dg4,,
,,,,js.taboola_europe_limited_load,,

1498,Bing Ads Universal Event Tracking (UET),"Bing (RLE-MI) Sat Basic Lead",active,cp.utag_main_bing_optout,js.evt_ga_action - ea,
,,,,js.bing_load,js.evt_ga_category - ec,
,,,,js.cmp_load,js.evt_ga_label - el,
,,,,js.evt_ga_action,,
,,,,js.evt_ga_category,,
,,,,js.evt_ga_label,,
,,,,js.pag_dg3,,

1504,Tealium Custom Container,"Outbrain | HOS Private Sale",active,js.cmp_load,js.evt_lafid - leadID,
,,,,js.com_cit_articlenumber,,
,,,,js.evt_event,,
,,,,js.outbrain_uk_ltd_load,,
,,,,js.svc_consumer_sco,,

1505,Taboola-Pixel,"Taboola | HOS Private Sale",active,js.cmp_load,static.text.taboola_ppa_sale - event_name,
,,,,js.com_cit_articlenumber,,
,,,,js.evt_event,,
,,,,js.svc_consumer_sco,,
,,,,js.taboola_europe_limited_load,,

1507,Taboola-Pixel,"Taboola | HOS Private Soft Conversion",active,js.cmp_load,static.text.taboola_ppa_sc - event_name,
,,,,js.pag_dg1,,
,,,,js.pag_dg3,,
,,,,js.pag_dg4,,
,,,,js.pag_dg5,,
,,,,js.taboola_europe_limited_load,,

1508,Tealium Custom Container,"Outbrain | HOS Private Soft Conversion",active,js.cmp_load,js.evt_lafid - leadID,
,,,,js.outbrain_uk_ltd_load,,
,,,,js.pag_dg1,,
,,,,js.pag_dg3,,
,,,,js.pag_dg4,,
,,,,js.pag_dg5,,

1509,Tealium Custom Container,"Outbrain | HOS mit Makler Soft Conversion",active,js.cmp_load,js.evt_lafid - leadID,
,,,,js.evt_category,,
,,,,js.ga_cd_rle_intent,,
,,,,js.outbrain_uk_ltd_load,,
,,,,js.pag_dg2,,
,,,,js.pag_dg3,,
,,,,js.pag_dg4,,

1510,Bing Ads Universal Event Tracking (UET),"Bing (DEV) Neubau Anbieterkontakt Call",inactive,cp.utag_main_seaid_ses,js.evt_event - ea,
,,,,js.bing_load,,
,,,,js.cmp_load,,
,,,,js.evt_ga_action,,
,,,,js.evt_ga_category,,

1512,Bing Ads Universal Event Tracking (UET),"Bing (UZ-IS24) Relocation Leadengine Private (m043)",active,cp.utag_main_bing_optout,js.evt_ga_action - ea,
,,,,js.bing_load,js.evt_ga_category - ec,
,,,,js.cmp_load,js.evt_ga_label - el,
,,,,js.evt_ga_action,,
,,,,js.evt_ga_category,,
,,,,js.evt_ga_label,,

1513,Bing Ads Universal Event Tracking (UET),"Bing (UZ-IS24) Relocation Leadengine Piano (m045)",inactive,cp.utag_main_bing_optout,js.evt_ga_action - ea,
,,,,cp.utag_main_seaid_ses,js.evt_ga_category - ec,
,,,,js.bing_load,js.evt_ga_label - el,
,,,,js.cmp_load,,
,,,,js.evt_ga_action,,
,,,,js.evt_ga_category,,
,,,,js.evt_ga_label,,

1514,Bing Ads Universal Event Tracking (UET),"Bing (UZ-IS24) Relocation Leadengine Clearing (m046)",inactive,cp.utag_main_bing_optout,js.evt_ga_action - ea,
,,,,cp.utag_main_seaid_ses,js.evt_ga_category - ec,
,,,,js.bing_load,js.evt_ga_label - el,
,,,,js.cmp_load,,
,,,,js.evt_ga_action,,
,,,,js.evt_ga_category,,
,,,,js.evt_ga_label,,

1515,Bing Ads Universal Event Tracking (UET),"Bing (UZ-IS24) Relocation Leadengine Storage(m047)",inactive,cp.utag_main_bing_optout,js.evt_ga_action - ea,
,,,,cp.utag_main_seaid_ses,js.evt_ga_category - ec,
,,,,js.bing_load,js.evt_ga_label - el,
,,,,js.cmp_load,,
,,,,js.evt_ga_action,,
,,,,js.evt_ga_category,,
,,,,js.evt_ga_label,,

1517,Facebook Pixel,"Facebook Pixel - Online Marketing &amp; Scout Media",active,cp.utag_main_fb_optout,js.com_cit_articlenumber - purch.art_id,
,,,,js.cmp_load,js.evt_event - purch.EventTypeLeg,
,,,,js.cmp_source,js.evt_ga_action - lead.ProductType, purch.ProductType, homeowner:Lead, opa:Purchase, single_publication:Purchase, homebuilder:Lead,
,,,,js.facebook_load,js.evt_ga_category - lead.EventType, ppa:Purchase, sale:Purchase, purch.EventType,
,,,,js.pag_pagetitle,js.evt_ga_label - leadengine:Lead, comparison:Lead, partner:Lead, preapproval:Lead, lead.LeadType, leadengine_private:Lead, leadengine_commercial:Lead, sale:Purchase, sale_14d:Purchase, sale_30d:Purchase, sale_180d:Purchase, purch.SaleType, request_basic:Lead, saved:InitiateCheckout, select_offer_Basis_2599:Purchase, catalogue:Lead, leadengine_private:Purchase,
,,,,,js.fb_content_type - search.content_type, cout.content_type, purch.content_type, vc.content_type, cart.content_type,
,,,,,js.fb_event - contact:Purchase, search:Search, view:ViewContent, cart add:AddToCart, leadengine_private:Purchase,
,,,,,js.fb_listing_type_at_contact_confirmation - purch.listing_type,
,,,,,js.fb_listing_type_at_expose - vc.listing_type,
,,,,,js.fb_listing_type_at_initiate_checkout - cout.listing_type,
,,,,,js.fb_listing_type_at_search - search.listing_type,
,,,,,js.fb_property_type_at_contact_confirmation - purch.property_type,
,,,,,js.fb_property_type_at_expose - vc.property_type,
,,,,,js.fb_property_type_at_initiate_checkout - cout.property_type,
,,,,,js.fb_property_type_at_search - search.property_type,
,,,,,js.ga_cd_hub_phase_tag - page.hubPhaseTag,
,,,,,js.ga_cd_lead_engine_input_value - vc.RleInput,
,,,,,js.ga_cd_rle_intent - vc.RleIntent,
,,,,,js.geo_land - vc.country, search.country, purch.country,
,,,,,js.obj_garden - vc.has_garden, purch.has_garden, cout.has_garden,
,,,,,js.obj_regio1 - vc.region,
,,,,,js.obj_regio2 - vc.city,
,,,,,js.pag_dg1 - realtor:ViewContent,
,,,,,js.pag_pagetitle - page.pageTitle, purch.pageTitle, search.pageTitle, vc.pageTitle, cout.pageTitle,
,,,,,js.page_type - product detail page:ViewContent,
,,,,,js.query_regio1 - search.region,
,,,,,js.query_regio2 - search.city,
,,,,,js.query_regio3 - search.neighborhood,
,,,,,js.roas_value_finance - lead.value, purch.value,
,,,,,js.roas_value_relocation - lead.value, purch.value,
,,,,,js.svc_consumer_sco - purch.con_sco,
,,,,,js_page.localStorage.whiteListedKruxSegs - page.kxSegs, vc.kxSegs, search.kxSegs, cout.kxSegs, purch.kxSegs,
,,,,,js_page.utag_data.ga_cd_customer_group - purch.customer_group,
,,,,,js_page.utag_data.geo_land - vc.country, cout.country, purch.country,
,,,,,js_page.utag_data.obj_baseRent - vc.price, cout.price, purch.price,
,,,,,js_page.utag_data.obj_condition - vc.property_condition, cout.property_condition, purch.property_condition,
,,,,,js_page.utag_data.obj_hasKitchen - purch.kitchen_availability, cout.kitchen_availability, vc.kitchen_availability,
,,,,,js_page.utag_data.obj_livingSpace - vc.property_space, cout.property_space, purch.property_space,
,,,,,js_page.utag_data.obj_noParkSpaces - vc.parking_spaces, cout.parking_spaces, purch.parking_spaces,
,,,,,js_page.utag_data.obj_noRooms - vc.property_rooms, cout.property_rooms, purch.property_rooms,
,,,,,js_page.utag_data.obj_price - vc.price, cout.price, purch.price,
,,,,,js_page.utag_data.obj_purchasePrice - vc.price, cout.price, purch.price,
,,,,,js_page.utag_data.obj_regio1 - vc.region, cout.region, purch.region,
,,,,,js_page.utag_data.obj_regio3 - vc.city, cout.city, purch.city,
,,,,,js_page.utag_data.obj_scoutId - vc.content_ids, cout.content_ids, purch.content_ids,
,,,,,js_page.utag_data.obj_yearConstructed - vc.construction_year, cout.construction_year, purch.construction_year,
,,,,,static.text.EUR - lead.currency,

1519,Mouseflow,"Content | 2 | Mietendeckel",inactive,js.cmp_load,cp.utag_main_psn_usr_login_cookie - loginStatus,
,,,,js.mouseflow_inc_load,cp.utag_main_utm_campaign_ses - utmCampaign,
,,,,js.pag_pagetitle,cp.utag_main_utm_medium_ses - utmMedium,
,,,,js.ut.event,cp.utag_main_utm_source_ses - utmSource,
,,,,,js.pag_pagetitle - page_url, mouseflowPath,
,,,,,js_page.localStorage.optimizelyExperimentVariationKey - optimizelyExperimentGroup,

1520,Taboola-Pixel,"Taboola | HOR | PPA Dankeseite 10%",active,js.cmp_load,static.text.taboola_ppa_sale - event_name,
,,,,js.pag_pagetitle,,
,,,,js.taboola_europe_limited_load,,
,,,,js.ut.event,,

1528,Google Ads-Konversionsnachverfolgung und -Remarketing (gtag.js),"Google Ads - de_dev_m010_20191128",inactive,cp.utag_main_googleAdwords_optout,None,
,,,,js.cmp_load,,
,,,,js.evt_ga_action,,
,,,,js.evt_ga_category,,
,,,,js.evt_ga_label,,
,,,,js.google_non_tcf_load,,

1529,Google Ads-Konversionsnachverfolgung und -Remarketing (gtag.js),"Google Ads - de_all_m001|m002_mail|call_20191128",active,cp.utag_main_googleAdwords_optout,None,
,,,,js.cmp_load,,
,,,,js.evt_event,,
,,,,js.evt_ga_action,,
,,,,js.evt_ga_category,,
,,,,js.google_non_tcf_load,,
,,,,js.pag_pagetitle,,

1530,Google Ads-Konversionsnachverfolgung und -Remarketing (gtag.js),"Google Ads - de_nhb_cat_m050_20191128",active,cp.utag_main_googleAdwords_optout,None,
,,,,js.cmp_load,,
,,,,js.evt_event,,
,,,,js.evt_leadtype,,
,,,,js.google_non_tcf_load,,

1531,Google AdWords-Conversion-Tracking (gtag.js),"Google Ads - de_com_m039_20191129",active,cp.utag_main_googleAdwords_optout,None,
,,,,js.cmp_load,,
,,,,js.evt_event,,
,,,,js.google_non_tcf_load,,
,,,,js.pag_pagetitle,,

1532,Google AdWords-Conversion-Tracking (gtag.js),"Google Ads - de_com_m040_20191129",active,cp.utag_main_googleAdwords_optout,None,
,,,,js.cmp_load,,
,,,,js.evt_ga_action,,
,,,,js.evt_ga_category,,
,,,,js.google_non_tcf_load,,
,,,,js.pag_dg1,,

1534,Google Ads-Konversionsnachverfolgung und -Remarketing (gtag.js),"Google Ads - de_all_m001_mail_live_20191203",active,cp.utag_main_googleAdwords_optout,None,
,,,,js.cmp_load,,
,,,,js.evt_event,,
,,,,js.google_non_tcf_load,,
,,,,js.pag_pagetitle,,

1535,Google AdWords-Conversion-Tracking (gtag.js),"Google Ads - de_bc_m028_sale_20191203",active,cp.utag_main_googleAdwords_optout,None,
,,,,js.cmp_load,,
,,,,js.evt_ga_action,,
,,,,js.evt_ga_category,,
,,,,js.evt_ga_label,,
,,,,js.google_non_tcf_load,,

1536,Google AdWords-Conversion-Tracking (gtag.js),"Google Ads - de_bc_m086_premium_checkout_20191203",active,cp.utag_main_googleAdwords_optout,None,
,,,,js.cmp_load,,
,,,,js.evt_ga_action,,
,,,,js.evt_ga_category,,
,,,,js.evt_ga_label,,
,,,,js.google_non_tcf_load,,
,,,,js.pag_pagetitle,,

1537,Google AdWords-Conversion-Tracking (gtag.js),"Google Ads - de_bc_m085_premium_upsale_20191203",active,cp.utag_main_googleAdwords_optout,None,
,,,,js.cmp_load,,
,,,,js.evt_ga_action,,
,,,,js.evt_ga_category,,
,,,,js.evt_ga_label,,
,,,,js.google_non_tcf_load,,
,,,,js.svc_module_name,,
,,,,js.ut.event,,

1538,Google AdWords-Conversion-Tracking (gtag.js),"Google Ads - de_relo_m043_lead_20191204",active,cp.utag_main_googleAdwords_optout,js.roas_value_relocation - conversion_value,
,,,,js.cmp_load,,
,,,,js.evt_ga_action,,
,,,,js.evt_ga_category,,
,,,,js.evt_ga_label,,
,,,,js.google_non_tcf_load,,

1539,Google AdWords-Conversion-Tracking (gtag.js),"Google Ads - de_rle_basic_lead_20191203",active,cp.utag_main_googleAdwords_optout,None,
,,,,js.cmp_load,,
,,,,js.evt_ga_action,,
,,,,js.evt_ga_category,,
,,,,js.evt_ga_label,,
,,,,js.google_non_tcf_load,,
,,,,js.pag_dg3,,
,,,,js.svc_module_name,,

1540,Google AdWords-Conversion-Tracking (gtag.js),"Google Ads - de_fi_m008_lead_20191203",active,cp.utag_main_googleAdwords_optout,js.roas_value_finance - conversion_value,
,,,,js.cmp_load,,
,,,,js.evt_ga_action,,
,,,,js.evt_ga_category,,
,,,,js.google_non_tcf_load,,

1541,Google AdWords-Conversion-Tracking (gtag.js),"Google Ads - de_com_m039_20191204",active,cp.utag_main_googleAdwords_optout,None,
,,,,js.cmp_load,,
,,,,js.evt_event,,
,,,,js.google_non_tcf_load,,
,,,,js.pag_pagetitle,,

1542,Taboola-Pixel,"Taboola_Relo_m043_20191217",inactive,js.cmp_load,static.text.relocation_lead - event_name,
,,,,js.evt_ga_action,,
,,,,js.evt_ga_category,,
,,,,js.evt_ga_label,,
,,,,js.taboola_europe_limited_load,,

1543,Google AdWords-Conversion-Tracking (gtag.js),"Google Ads - de_com_m039_20200108",active,cp.utag_main_googleAdwords_optout,None,
,,,,js.cmp_load,,
,,,,js.evt_event,,
,,,,js.google_non_tcf_load,,
,,,,js.pag_dg1,,

1544,Google Ads-Konversionsnachverfolgung und -Remarketing (gtag.js),"Google Ads - de_dev_m001_20200115",active,cp.utag_main_googleAdwords_optout,None,
,,,,js.cmp_load,,
,,,,js.evt_event,,
,,,,js.evt_ga_action,,
,,,,js.evt_ga_category,,
,,,,js.google_non_tcf_load,,
,,,,js.pag_dg1,,

1547,Tealium Custom Container,"Rebranding Interstitial",inactive,cp.is24_experiment_reporting,None,
,,,,js_page.localStorage.rebrandingOverlayShown,,

1548,Tealium Collect,"EventStream",inactive,cp.is24_experiment_reporting,None,
,,,,cp.is24_experiment_visitor_id,,
,,,,js.svc_internal_ip,,
,,,,js.svc_module_name,,

1549,Mouseflow,"CXP | 1 | Expose",inactive,js.cmp_load,cp.is24_experiment_reporting - optimizelyExperimentGroup,
,,,,js.mouseflow_inc_load,cp.utag_main_psn_usr_login_cookie - loginStatus,
,,,,js.pag_pagetitle,cp.utag_main_utm_campaign_ses - utmCampaign,
,,,,js.ut.event,cp.utag_main_utm_medium_ses - utmMedium,
,,,,,cp.utag_main_utm_source_ses - utmSource,
,,,,,js.geo_bln - federalState,
,,,,,js.obj_ityp - realEstateType,
,,,,,js.pag_pagetitle - page_url, mouseflowPath,

1552,Google AdWords-Conversion-Tracking (gtag.js),"Google Ads - de_com_m039_20200302",inactive,cp.utag_main_googleAdwords_optout,None,
,,,,cp.utag_main_seaid_90d,,
,,,,cp.utm_sea_direct_90d,,
,,,,js.cmp_load,,
,,,,js.evt_event,,
,,,,js.evt_saved,,
,,,,js.google_non_tcf_load,,
,,,,js.pag_pagetitle,,

1556,Taboola-Pixel,"Taboola | HOS MC1 Eigentuemer Verkaufen",active,js.cmp_load,static.text.hos_mc1_eigentuemer_verkaufen - event_name,
,,,,js.evt_ga_action,,
,,,,js.evt_ga_category,,
,,,,js.evt_ga_label,,
,,,,js.taboola_europe_limited_load,,

1557,Taboola-Pixel,"Taboola | HOS MC1 Eigentuemer Vermieten",active,js.cmp_load,static.text.hos_mc1_eigentuemer_vermieten - event_name,
,,,,js.evt_ga_action,,
,,,,js.evt_ga_category,,
,,,,js.evt_ga_label,,
,,,,js.taboola_europe_limited_load,,

1558,Taboola-Pixel,"Taboola | HOR Sale Verkaufen",active,js.cmp_load,static.text.hor_sale_verkaufen - event_name,
,,,,js.com_cit_articlenumber,,
,,,,js.evt_event,,
,,,,js.svc_consumer_sco,,
,,,,js.taboola_europe_limited_load,,

1559,Taboola-Pixel,"Taboola | HOR Sale Vermieten",active,js.cmp_load,static.text.hor_sale_vermieten - event_name,
,,,,js.com_cit_articlenumber,,
,,,,js.evt_event,,
,,,,js.svc_consumer_sco,,
,,,,js.taboola_europe_limited_load,,

1560,Tealium Custom Container,"Outbrain | HOS MC1 Eigentuemer Verkaufen",active,js.cmp_load,js.evt_lafid - leadID,
,,,,js.evt_ga_action,,
,,,,js.evt_ga_category,,
,,,,js.evt_ga_label,,
,,,,js.outbrain_uk_ltd_load,,

1561,Tealium Custom Container,"Outbrain | HOS MC1 Eigentuemer Vermieten",active,js.cmp_load,js.evt_lafid - leadID,
,,,,js.evt_ga_action,,
,,,,js.evt_ga_category,,
,,,,js.evt_ga_label,,
,,,,js.outbrain_uk_ltd_load,,

1562,Tealium Custom Container,"Outbrain | HOR Sale Verkaufen",active,js.cmp_load,js.evt_lafid - leadID,
,,,,js.com_cit_articlenumber,,
,,,,js.evt_event,,
,,,,js.outbrain_uk_ltd_load,,
,,,,js.svc_consumer_sco,,

1563,Tealium Custom Container,"Outbrain | HOR Sale Vermieten",active,js.cmp_load,js.evt_lafid - leadID,
,,,,js.com_cit_articlenumber,,
,,,,js.evt_event,,
,,,,js.outbrain_uk_ltd_load,,
,,,,js.svc_consumer_sco,,

1564,Tealium Custom Container,"Outbrain - Universal Tag for PPA",active,js.cmp_load,None,
,,,,js.outbrain_uk_ltd_load,,
,,,,js.pag_pagetitle,,

1570,Google AdWords-Conversion-Tracking (gtag.js),"Google (RLE) Submission - IV24",active,cp.utag_main_googleAdwords_optout,None,
,,,,js.cmp_load,,
,,,,js.evt_ga_action,,
,,,,js.evt_ga_category,,
,,,,js.evt_ga_label,,
,,,,js.google_non_tcf_load,,
,,,,js.pag_dg3,,
,,,,js.svc_module_name,,

1588,Google Ads-Konversionsnachverfolgung und -Remarketing (gtag.js),"Google Ads - de_nhb_m092_questionnaire_lead_20200623",active,cp.utag_main_googleAdwords_optout,None,
,,,,js.cmp_load,,
,,,,js.evt_ga_action,,
,,,,js.evt_ga_category,,
,,,,js.evt_ga_label,,
,,,,js.google_non_tcf_load,,

1590,Tealium Custom Container,"Einstein Recommendations",active,js.cmp_load,js.ga_cd_hub_phase_tag - category,
,,,,js.pag_pagetitle,js.pag_pagetitle - item,
,,,,js.salesforce_load,js.psn_usr_ssoid - email,

1592,Bing Ads Universal Event Tracking (UET),"Bing de_is24_fi_b2b_partner_werden_20200630",active,cp.utag_main_bing_optout,js.pag_pagetitle - pName,
,,,,js.bing_load,,
,,,,js.cmp_load,,
,,,,js.pag_pagetitle,,

1593,Google AdWords-Conversion-Tracking (gtag.js),"Google Ads - de_rle_m090_submission_20200716",active,cp.utag_main_googleAdwords_optout,None,
,,,,js.cmp_load,,
,,,,js.evt_ga_action,,
,,,,js.evt_ga_category,,
,,,,js.evt_ga_label,,
,,,,js.google_non_tcf_load,,
,,,,js.pag_dg3,,
,,,,js.svc_module_name,,

1615,Mouseflow,"Residential | 2 | Scout Manager",active,cp.cmp_load,cp.utag_main_psn_usr_login_cookie - loginStatus,
,,,,dom.url,cp.utag_main_utm_campaign_ses - utmCampaign,
,,,,js.mouseflow_inc_load,cp.utag_main_utm_medium_ses - utmMedium,
,,,,js.pag_pagetitle,cp.utag_main_utm_source_ses - utmSource,
,,,,js.ut.env,js.pag_pagetitle - page_url, mouseflowPath,
,,,,js.ut.event,,

1619,Tealium Custom Container,"LiveRamp - CMP",active,js.cmp_minified,js.cmp_file_version - file_version,
,,,,js.ut.event,,

1620,Tealium Custom Container,"LiveRamp - CMP Minified",active,js.cmp_minified,js.cmp_file_version - file_version,
,,,,js.ut.event,,

1622,Tealium Custom Container,"branch.io",active,js.branchio_load,js.svc_module_name - pagetype,
,,,,js.cmp_load,js_page.utag_data.branchio_linkdata - linkdata,
,,,,js.svc_module_name,,

1625,Google AdWords-Conversion-Tracking (gtag.js),"Google Ads - de_com_rle_basic_lead_20200907",inactive,cp.utag_main_googleAdwords_optout,None,
,,,,js.cmp_load,,
,,,,js.evt_ga_action,,
,,,,js.evt_ga_category,,
,,,,js.evt_ga_label,,
,,,,js.google_non_tcf_load,,
,,,,js.pag_dg3,,
,,,,js.svc_module_name,,

1626,Tealium Custom Container,"Outbrain | NHB | Universal Tag",active,js.cmp_load,None,
,,,,js.outbrain_uk_ltd_load,,
,,,,js.pag_pagetitle,,

1627,Tealium Custom Container,"Outbrain - NHB m050 Catalog Lead",active,js.cmp_load,js.evt_lafid - leadID,
,,,,js.evt_event,,
,,,,js.evt_leadtype,,
,,,,js.outbrain_uk_ltd_load,,

1628,Taboola-Pixel,"Taboola | NHB m050 Catalog Lead",active,js.cmp_load,js.taboola_nhb_cat - event_name,
,,,,js.evt_event,js.taboola_nhb_m050 - event_name,
,,,,js.evt_ga_action,,
,,,,js.evt_ga_category,,
,,,,js.evt_ga_label,,
,,,,js.evt_leadtype,,
,,,,js.pag_pagetitle,,
,,,,js.taboola_europe_limited_load,,

1629,Adition (Track),"Adition - RLE Basic Lead",active,js.adition_technologies_ag_load,js.adition_gdpr - gdpr,
,,,,js.cmp_load,js.adition_gdpr_consent - gdpr_consent,
,,,,js.evt_ga_action,,
,,,,js.evt_ga_category,,
,,,,js.evt_ga_label,,

1630,Adition (Tagging),"Adition - All Pages",active,js.adition_technologies_ag_load,dom.url - tag.IS24.page,
,,,,js.cmp_load,js.adition_gdpr - gdpr,
,,,,js.pag_pagetitle,js.adition_gdpr_consent - gdpr_consent,

1631,Adition (Track),"Adition - HOS Audience",active,dom.url,js.adition_gdpr - gdpr,
,,,,js.adition_technologies_ag_load,js.adition_gdpr_consent - gdpr_consent,
,,,,js.cmp_load,,
,,,,js.evt_ga_action,,
,,,,js.evt_ga_category,,
,,,,js.evt_ga_label,,
,,,,js.ga_cd_lead_engine_input_value,,
,,,,js.ga_cd_rle_intent,,
,,,,js.pag_dg1,,
,,,,js.pag_dg2,,
,,,,js.pag_dg5,,
,,,,js.pag_pagetitle,,
,,,,js.psn_usr_segment,,
,,,,js.svc_module_name,,

1632,Adition (Track),"Adition - RLE/PPA SC",active,js.adition_technologies_ag_load,js.adition_gdpr - gdpr,
,,,,js.cmp_load,js.adition_gdpr_consent - gdpr_consent,
,,,,js.evt_ga_label,,
,,,,js.ga_cd_lead_engine_input_value,,
,,,,js.ga_cd_rle_intent,,
,,,,js.pag_pagetitle,,
,,,,js.psn_usr_segment,,
,,,,js.svc_module_name,,

1637,TVSquared,"TVSquared - Visit Tracker",active,js.cmp_load,None,
,,,,js.pag_pagetitle,,
,,,,js.tv_squared_limited_load,,

1638,TVSquared,"TVSquared - RLE Basic Lead",active,js.cmp_load,js.psn_usr_ssoid - user_ref,
,,,,js.evt_ga_action,,
,,,,js.evt_ga_category,,
,,,,js.evt_ga_label,,
,,,,js.tv_squared_limited_load,,

1639,TVSquared,"TVSquared - HOS Soft Conversion",active,js.cmp_load,js.psn_usr_ssoid - user_ref,
,,,,js.evt_ga_label,,
,,,,js.ga_cd_lead_engine_input_value,,
,,,,js.ga_cd_rle_intent,,
,,,,js.pag_pagetitle,,
,,,,js.psn_usr_segment,,
,,,,js.svc_module_name,,
,,,,js.tv_squared_limited_load,,

1640,TVSquared,"TVSquared - HOS Audience",active,dom.url,js.psn_usr_ssoid - user_ref,
,,,,js.cmp_load,,
,,,,js.evt_ga_action,,
,,,,js.evt_ga_category,,
,,,,js.evt_ga_label,,
,,,,js.ga_cd_lead_engine_input_value,,
,,,,js.ga_cd_rle_intent,,
,,,,js.pag_dg1,,
,,,,js.pag_dg2,,
,,,,js.pag_dg5,,
,,,,js.pag_pagetitle,,
,,,,js.psn_usr_segment,,
,,,,js.svc_module_name,,
,,,,js.tv_squared_limited_load,,

1642,Google AdWords-Conversion-Tracking (gtag.js),"Google Ads - de_ppa_mietvertrag_20200910",active,cp.utag_main_googleAdwords_optout,None,
,,,,js.cmp_load,,
,,,,js.evt_ga_action,,
,,,,js.evt_ga_category,,
,,,,js.evt_ga_label,,
,,,,js.google_non_tcf_load,,

1643,Google AdWords-Conversion-Tracking (gtag.js),"Google Ads - de_rle_tv_basic_lead_20200911",active,cp.utag_main_googleAdwords_optout,None,
,,,,js.cmp_load,,
,,,,js.evt_ga_action,,
,,,,js.evt_ga_category,,
,,,,js.evt_ga_label,,
,,,,js.google_non_tcf_load,,

1644,Google AdWords-Conversion-Tracking (gtag.js),"Google Ads - de_rle_TV_HOS_soft_conversion_20200911",active,cp.utag_main_googleAdwords_optout,None,
,,,,js.cmp_load,,
,,,,js.evt_ga_label,,
,,,,js.ga_cd_lead_engine_input_value,,
,,,,js.ga_cd_rle_intent,,
,,,,js.google_non_tcf_load,,
,,,,js.pag_pagetitle,,
,,,,js.psn_usr_segment,,
,,,,js.svc_module_name,,

1647,Google AdWords-Conversion-Tracking (gtag.js),"Google Ads - de_ppa_ftl_property_owner_rent_20200914",active,cp.utag_main_googleAdwords_optout,None,
,,,,js.cmp_load,,
,,,,js.evt_ga_action,,
,,,,js.evt_ga_category,,
,,,,js.evt_ga_label,,
,,,,js.google_non_tcf_load,,

1648,Google AdWords-Conversion-Tracking (gtag.js),"Google Ads - de_ppa_ftl_property_owner_hof_20200914",active,cp.utag_main_googleAdwords_optout,None,
,,,,dom.url,,
,,,,js.cmp_load,,
,,,,js.google_non_tcf_load,,

1649,Tealium Custom Container,"Outbrain | de_ppa_ftl_property_owner_rent_20200916",active,js.cmp_load,js.evt_lafid - leadID,
,,,,js.evt_ga_action,,
,,,,js.evt_ga_category,,
,,,,js.evt_ga_label,,
,,,,js.outbrain_uk_ltd_load,,

1650,Tealium Custom Container,"Outbrain | de_ppa_ftl_hof_20200916",active,dom.url,js.evt_lafid - leadID,
,,,,js.cmp_load,,
,,,,js.outbrain_uk_ltd_load,,

1651,Taboola-Pixel,"Taboola | de_ppa_ftl_property_owner_rent_20200914",active,js.cmp_load,static.text.property_owner_rent - event_name,
,,,,js.evt_ga_action,,
,,,,js.evt_ga_category,,
,,,,js.evt_ga_label,,
,,,,js.taboola_europe_limited_load,,

1652,Taboola-Pixel,"Taboola | de_ppa_ftl_hof_20200916",active,dom.url,static.text.ppa_rent_hof - event_name,
,,,,js.cmp_load,,
,,,,js.taboola_europe_limited_load,,

4,IVW (InfOnline),"IVW (InfOnline)",active,js.cmp_load,js.infonline_co - co,
,,,,js.infonline_gmbh_load,js.infonline_cp - cp,
,,,,js.ivw_picture,js.infonline_mg - mg,
,,,,js.pag_pagetitle,js.infonline_oc - oc,
,,,,js.svc_module_name,js.infonline_st - st,
,,,,js.ut.event,js.infonline_sv - sv,

553,Tealium Generic Tag,"Amazon Eigentuemer geflaggt",inactive,js.ftc_later_cookie_numeric,None,
,,,,js.pag_pagetitle,,

558,Tealium Generic Tag,"Template - Example for using Generic Tealium Tag (Krux)",inactive,js.evt_ga_action,js.budget - budget,
,,,,js.evt_ga_category,js.evt_event - evt_event,
,,,,,js.financingtype - financingtype,
,,,,,js.geo_plz - zip,
,,,,,js.ownfunds - ownfunds,
,,,,,js.purchaseprice - purchaseprice,

716,Krux,"Krux - IS24 Control Tag",active,js.cmp_load,None,
,,,,js.ivw_picture,,
,,,,js.salesforce_dmp_krux_load,,
,,,,js.svc_module_name,,
,,,,js.ut.event,,

717,Tealium Custom Container,"Cookie Whitelist",active,js.pag_pagetitle,None,
,,,,js.scoutmanager_is_cookie_whitelist,,
,,,,js.svc_module_name,,

772,Google Universal Analytics,"Google Universal Analytics",active,cp.utag_main_ga_optout,cp.is24_experiment_reporting - dimension62,
,,,,js.autotracked,cp.is24_experiment_visitor_id - link-dimension59, pageview-dimension59,
,,,,js.cmp_fire,cp.utag_main_psn_usr_login_cookie - dimension7, dimension8,
,,,,js.cmp_load,cp.utag_main_v_id - dimension41,
,,,,js.cmp_version,dom.domain - set.&amp;dh,
,,,,js.google_analytics_load,dom.referrer - dimension17,
,,,,js.ivw_picture,dom.url - dimension1,
,,,,,js.ab_chs - dimension79,
,,,,,js.adid - set.&amp;adid,
,,,,,js.adwords_value_finance - link-dimension45,
,,,,,js.cmp_creative - enh_promo_creative,
,,,,,js.cmp_id - enh_promo_id,
,,,,,js.cmp_name - enh_promo_name,
,,,,,js.cmp_position - enh_promo_position,
,,,,,js.com_cit_articlename - dimension24,
,,,,,js.com_cit_articlenumber - dimension20,
,,,,,js.com_cit_productfamily - dimension21,
,,,,,js.com_con_paymentmethod - dimension23, enh_checkout_option,
,,,,,js.com_cwid - dimension36,
,,,,,js.com_listing_period - dimension37,
,,,,,js.enh_action - enh_action,
,,,,,js.evt_dataprotectionconsent - dimension117,
,,,,,js.evt_ga_action - eventAction,
,,,,,js.evt_ga_category - eventCategory,
,,,,,js.evt_ga_label - eventLabel,
,,,,,js.evt_ga_price - link-dimension45,
,,,,,js.evt_ga_value - eventValue,
,,,,,js.evt_lafid - dimension182,
,,,,,js.evt_ozahl - dimension150,
,,,,,js.evt_sart - dimension151,
,,,,,js.evt_searchprofile - dimension149,
,,,,,js.evt_type - nonInteraction,
,,,,,js.finance_audience - dimension125,
,,,,,js.finance_scenario_count - dimension120,
,,,,,js.ga_account_id - account,
,,,,,js.ga_ad_tracking_enabled - set.&amp;ate,
,,,,,js.ga_appname - appName,
,,,,,js.ga_cd_app_push - dimension18,
,,,,,js.ga_cd_appcolourscheme - dimension71,
,,,,,js.ga_cd_appentry - dimension175,
,,,,,js.ga_cd_application_requirements - dimension156,
,,,,,js.ga_cd_appmode - dimension119,
,,,,,js.ga_cd_bell_notification - dimension74,
,,,,,js.ga_cd_booking_information - dimension105,
,,,,,js.ga_cd_commercial_search_objecttypefilter - pageview-dimension160,
,,,,,js.ga_cd_commercial_search_pricetypefilter - pageview-dimension158,
,,,,,js.ga_cd_commercial_search_tempoffices - dimension194,
,,,,,js.ga_cd_contactmanager_bulk - dimension197,
,,,,,js.ga_cd_customer_group - dimension116,
,,,,,js.ga_cd_customer_journey - dimension58,
,,,,,js.ga_cd_cxp_abtest - dimension96,
,,,,,js.ga_cd_cxp_angemeldet_box - dimension42,
,,,,,js.ga_cd_cxp_browserpush - dimension129,
,,,,,js.ga_cd_cxp_current_state - dimension134,
,,,,,js.ga_cd_cxp_historicallisting - dimension157,
,,,,,js.ga_cd_cxp_interactivepic - dimension146,
,,,,,js.ga_cd_cxp_notifcationpermission - dimension142,
,,,,,js.ga_cd_cxp_notification_global_optin - dimension162,
,,,,,js.ga_cd_cxp_notification_status - dimension187,
,,,,,js.ga_cd_cxp_previous_state - dimension135,
,,,,,js.ga_cd_cxp_referrer - dimension163,
,,,,,js.ga_cd_cxp_resultview - dimension44,
,,,,,js.ga_cd_developer_clickoutlocation - link-dimension148,
,,,,,js.ga_cd_developer_contactlayerlocation - pageview-dimension144,
,,,,,js.ga_cd_developer_contactlocation - link-dimension147,
,,,,,js.ga_cd_developer_pre_filled_form - dimension130,
,,,,,js.ga_cd_developer_projectid - dimension178,
,,,,,js.ga_cd_developer_projectref - dimension154,
,,,,,js.ga_cd_developer_projecttype - dimension174,
,,,,,js.ga_cd_developer_sold_properties - link-dimension145,
,,,,,js.ga_cd_developer_virtualreality - dimension176,
,,,,,js.ga_cd_disctrictype - dimension166,
,,,,,js.ga_cd_districtcount - dimension167,
,,,,,js.ga_cd_eplus_userstatus - dimension53,
,,,,,js.ga_cd_finance_exclusivity - dimension131,
,,,,,js.ga_cd_finance_prefill - dimension111,
,,,,,js.ga_cd_hidden_objects_earlyaccess - dimension121,
,,,,,js.ga_cd_homeowner_flag - dimension52,
,,,,,js.ga_cd_homepage_state - dimension133,
,,,,,js.ga_cd_hub_phase_tag - dimension54,
,,,,,js.ga_cd_lead_engine_input_value - dimension173,
,,,,,js.ga_cd_loginsource - dimension124,
,,,,,js.ga_cd_mailingdate - dimension179,
,,,,,js.ga_cd_maillead_default_shown - dimension109,
,,,,,js.ga_cd_message_attachment - dimension132,
,,,,,js.ga_cd_messenger_status - dimension168,
,,,,,js.ga_cd_messenger_totalmessages - dimension180,
,,,,,js.ga_cd_messenger_unreadmessages - dimension181,
,,,,,js.ga_cd_notifcation_status_source - dimension127,
,,,,,js.ga_cd_notification_switch_lastsearch - dimension139,
,,,,,js.ga_cd_notification_switch_messenger - dimension138,
,,,,,js.ga_cd_notification_switch_savedsearch - dimension137,
,,,,,js.ga_cd_notificationentry - dimension184,
,,,,,js.ga_cd_pdev_homebuilder_expose - dimension115,
,,,,,js.ga_cd_ppa_printselected - dimension114,
,,,,,js.ga_cd_ppa_returning_customer - dimension108,
,,,,,js.ga_cd_profile_property_type - dimension128,
,,,,,js.ga_cd_profile_status - dimension152,
,,,,,js.ga_cd_profilecontact - link-dimension188,
,,,,,js.ga_cd_profireport_specs - dimension153,
,,,,,js.ga_cd_push_app_setting - dimension72,
,,,,,js.ga_cd_push_system_setting - dimension171,
,,,,,js.ga_cd_pushtopic - dimension140,
,,,,,js.ga_cd_rcm_deposit_options - dimension55,
,,,,,js.ga_cd_rcm_tenant_sso - dimension56,
,,,,,js.ga_cd_rentallossinsurance - dimension57,
,,,,,js.ga_cd_residential_lead_id - dimension182,
,,,,,js.ga_cd_resultlist_map - dimension195,
,,,,,js.ga_cd_rle_intent - dimension113,
,,,,,js.ga_cd_search_id - dimension172,
,,,,,js.ga_cd_searchfilter - dimension164,
,,,,,js.ga_cd_searchlocationtype - dimension141,
,,,,,js.ga_cd_searchtype - dimension141,
,,,,,js.ga_cd_searchtypefilter - pageview-dimension161,
,,,,,js.ga_cd_sharesource - dimension123,
,,,,,js.ga_cd_sharetopic - dimension122,
,,,,,js.ga_cd_solvency_flowtype - dimension104,
,,,,,js.ga_cd_tenant_documents - dimension170,
,,,,,js.ga_cd_test_cj_1 - dimension89,
,,,,,js.ga_cd_test_commercial_one - dimension82,
,,,,,js.ga_cd_test_commercial_three - dimension93,
,,,,,js.ga_cd_test_commercial_two - dimension92,
,,,,,js.ga_cd_test_conmon - dimension83,
,,,,,js.ga_cd_test_cxp - dimension77,
,,,,,js.ga_cd_test_cxp_2 - dimension78,
,,,,,js.ga_cd_test_cxp_SSO - dimension94,
,,,,,js.ga_cd_test_cxp_ads - dimension75,
,,,,,js.ga_cd_test_cxp_exploration - dimension73,
,,,,,js.ga_cd_test_cxp_expose - dimension99,
,,,,,js.ga_cd_test_cxp_expose_contact_flow - dimension101,
,,,,,js.ga_cd_test_cxp_expose_widgets - dimension102,
,,,,,js.ga_cd_test_developer - dimension84,
,,,,,js.ga_cd_test_developer_nhb - dimension103,
,,,,,js.ga_cd_test_gdpr - dimension76,
,,,,,js.ga_cd_test_is24_cxp_de_1 - dimension60,
,,,,,js.ga_cd_test_is24_cxp_de_2 - dimension61,
,,,,,js.ga_cd_test_is24_cxp_de_3 - dimension62,
,,,,,js.ga_cd_test_is24_cxp_de_4 - dimension63,
,,,,,js.ga_cd_test_is24_cxp_de_5 - dimension64,
,,,,,js.ga_cd_test_ppa - dimension86,
,,,,,js.ga_cd_test_ppa_2 - dimension95,
,,,,,js.ga_cd_test_residential_1 - dimension88,
,,,,,js.ga_cd_test_rle - dimension90,
,,,,,js.ga_cd_test_rle_2 - dimension91,
,,,,,js.ga_cd_test_rle_3 - dimension98,
,,,,,js.ga_cd_textsize - link-dimension185,
,,,,,js.ga_cd_userrole_profile_status - dimension50,
,,,,,js.ga_cd_valuation_clicker_type - dimension169,
,,,,,js.ga_cd_via - dimension38,
,,,,,js.ga_cd_via_qualified - dimension112,
,,,,,js.ga_cm_application_package_self_report_event - link-metric60,
,,,,,js.ga_cm_clickout_electricity - link-metric69,
,,,,,js.ga_cm_clickout_finance - link-metric11,
,,,,,js.ga_cm_clickout_finance_interhyp - link-metric57,
,,,,,js.ga_cm_clickout_homebuilder_partner_ext - link-metric51,
,,,,,js.ga_cm_clickout_homebuilder_partner_int - link-metric52,
,,,,,js.ga_cm_clickout_insurance - link-metric72,
,,,,,js.ga_cm_clickout_internet - link-metric70,
,,,,,js.ga_cm_clickout_ksv - link-metric71,
,,,,,js.ga_cm_clickout_partnerhomepage_from_expose - link-metric84,
,,,,,js.ga_cm_clickout_relocation - link-metric12,
,,,,,js.ga_cm_conmon_applicationpackagecreate - link-metric54,
,,,,,js.ga_cm_conmon_profilecreate - link-metric38,
,,,,,js.ga_cm_contact_call - link-metric2,
,,,,,js.ga_cm_contact_call_com - link-metric40,
,,,,,js.ga_cm_contact_call_developer - link-metric64,
,,,,,js.ga_cm_contact_call_off_ind - link-metric82,
,,,,,js.ga_cm_contact_mail - link-metric1,
,,,,,js.ga_cm_contact_mail_com - link-metric39,
,,,,,js.ga_cm_contact_mail_dev - link-metric48,
,,,,,js.ga_cm_contact_mail_off_ind - link-metric81,
,,,,,js.ga_cm_contact_mail_save_object - pageview-metric1, pageview-metric4,
,,,,,js.ga_cm_contact_mail_save_object_com - pageview-metric39,
,,,,,js.ga_cm_contact_mail_save_object_dev - pageview-metric48,
,,,,,js.ga_cm_contact_phonereveal - link-metric3,
,,,,,js.ga_cm_contact_phonereveal_com - link-metric41,
,,,,,js.ga_cm_contact_phonereveal_dev - link-metric55,
,,,,,js.ga_cm_contact_textmessage - link-metric75,
,,,,,js.ga_cm_districtsearch - link-metric66,
,,,,,js.ga_cm_expose_engagement - link-metric99, pageview-metric99,
,,,,,js.ga_cm_expose_view - link-metric14,
,,,,,js.ga_cm_expose_view_at - pageview-metric14,
,,,,,js.ga_cm_expose_view_de - pageview-metric14,
,,,,,js.ga_cm_landlordsubscription_sale - link-metric101,
,,,,,js.ga_cm_lead - link-metric16,
,,,,,js.ga_cm_lead_businessdirectory - link-metric19,
,,,,,js.ga_cm_lead_commercial - link-metric18,
,,,,,js.ga_cm_lead_developer - link-metric10,
,,,,,js.ga_cm_lead_finance - link-metric8,
,,,,,js.ga_cm_lead_finance_co - link-metric35,
,,,,,js.ga_cm_lead_finance_le - link-metric34,
,,,,,js.ga_cm_lead_finance_le_co - link-metric33,
,,,,,js.ga_cm_lead_homebuilder - link-metric17,
,,,,,js.ga_cm_lead_homebuilder_catalogue - link-metric50,
,,,,,js.ga_cm_lead_homebuilder_leadpartner - link-metric49,
,,,,,js.ga_cm_lead_homeowner - link-metric20, link-metric90,
,,,,,js.ga_cm_lead_homeowner_qualified - link-metric88,
,,,,,js.ga_cm_lead_relocation - link-metric9,
,,,,,js.ga_cm_lead_relocation_le_clearing - link-metric46,
,,,,,js.ga_cm_lead_relocation_le_commercial - link-metric44,
,,,,,js.ga_cm_lead_relocation_le_piano - link-metric45,
,,,,,js.ga_cm_lead_relocation_le_private - link-metric43,
,,,,,js.ga_cm_lead_relocation_le_small - link-metric36,
,,,,,js.ga_cm_lead_relocation_le_storage - link-metric47,
,,,,,js.ga_cm_map_engagement - link-metric98,
,,,,,js.ga_cm_map_view - link-metric97,
,,,,,js.ga_cm_phonereveal_off_ind - link-metric83,
,,,,,js.ga_cm_questionnaire_lead - link-metric92,
,,,,,js.ga_cm_radiussearch - link-metric65,
,,,,,js.ga_cm_radiussize - dimension165,
,,,,,js.ga_cm_rcm_finalize - link-metric102,
,,,,,js.ga_cm_relocation_cancellation_template - link-metric53,
,,,,,js.ga_cm_request_rle - link-metric89, link-metric90,
,,,,,js.ga_cm_sales_all - link-metric13,
,,,,,js.ga_cm_sales_boni - link-metric28,
,,,,,js.ga_cm_sales_boni_iphone - pageview-metric28, pageview-metric74,
,,,,,js.ga_cm_sales_boni_schufa - link-metric74,
,,,,,js.ga_cm_sales_electricrate - link-metric56,
,,,,,js.ga_cm_sales_energycertificate - link-metric37,
,,,,,js.ga_cm_sales_ibw - link-metric29,
,,,,,js.ga_cm_sales_mietpreischeck - link-metric30,
,,,,,js.ga_cm_sales_ppa - link-metric27,
,,,,,js.ga_cm_sales_prof_ppa - link-metric68,
,,,,,js.ga_cm_sales_profile - link-metric80,
,,,,,js.ga_cm_sales_profile_buy_checkout - link-metric91,
,,,,,js.ga_cm_sales_profile_checkout - link-metric86,
,,,,,js.ga_cm_sales_profile_solvency - link-metric85,
,,,,,js.ga_cm_sales_suchanzeige - link-metric32,
,,,,,js.ga_cm_sales_transportservice - link-metric31,
,,,,,js.ga_cm_sales_valuation_property_check - link-metric77,
,,,,,js.ga_cm_sales_valuation_real_estate_check - link-metric78,
,,,,,js.ga_cm_save_object - link-metric4,
,,,,,js.ga_cm_save_object_expose_view - pageview-metric4, pageview-metric14,
,,,,,js.ga_cm_save_object_expose_view_user_login - pageview-metric4, pageview-metric14, pageview-metric7,
,,,,,js.ga_cm_save_object_expose_view_user_registration - pageview-metric4, pageview-metric14, pageview-metric6,
,,,,,js.ga_cm_save_object_user_login - pageview-metric4, pageview-metric7,
,,,,,js.ga_cm_save_object_user_registration - pageview-metric4, pageview-metric6,
,,,,,js.ga_cm_save_search - link-metric5,
,,,,,js.ga_cm_save_search_search - pageview-metric5, pageview-metric15,
,,,,,js.ga_cm_save_search_search_user_login - pageview-metric5, pageview-metric15, pageview-metric7,
,,,,,js.ga_cm_save_search_search_user_registration - pageview-metric5, pageview-metric15, pageview-metric6,
,,,,,js.ga_cm_save_search_user_login - pageview-metric5, pageview-metric7,
,,,,,js.ga_cm_save_search_user_registration - pageview-metric5, pageview-metric6,
,,,,,js.ga_cm_search - link-metric15,
,,,,,js.ga_cm_shapesearch - link-metric67,
,,,,,js.ga_cm_social_like_facebook - link-metric26,
,,,,,js.ga_cm_social_share - link-metric21,
,,,,,js.ga_cm_social_share_email - link-metric22,
,,,,,js.ga_cm_social_share_facebook - link-metric23,
,,,,,js.ga_cm_social_share_google - link-metric25,
,,,,,js.ga_cm_social_share_twitter - link-metric24,
,,,,,js.ga_cm_traveltimesearch - link-metric63,
,,,,,js.ga_cm_user_login - link-metric7,
,,,,,js.ga_cm_user_registration - link-metric6,
,,,,,js.ga_cm_user_registration_homeowner - pageview-metric42,
,,,,,js.ga_enable_screen_view - screenView,
,,,,,js.ga_event_override - a,
,,,,,js.ga_sitespeedsamplerate - siteSpeedSampleRate,
,,,,,js.geo_bg - pageview-dimension51, link-dimension51,
,,,,,js.geo_bln - dimension27,
,,,,,js.geo_krs - dimension28,
,,,,,js.geo_land - dimension26,
,,,,,js.geo_ot - pageview-dimension49, link-dimension49,
,,,,,js.geo_plz - dimension29,
,,,,,js.google_adid - set.&amp;adid,
,,,,,js.idfa - set.&amp;idfa,
,,,,,js.krux_segments - dimension19,
,,,,,js.obj_ExclusiveExpose - dimension183,
,,,,,js.obj_fullAddress - dimension48,
,,,,,js.obj_insertionType - dimension126,
,,,,,js.obj_ityp - dimension3,
,,,,,js.obj_mapzahl - dimension155,
,,,,,js.obj_nbp - dimension200,
,,,,,js.obj_nbp_apps - dimension186,
,,,,,js.obj_ozahl - dimension199,
,,,,,js.obj_ppa_count - pageview-dimension189,
,,,,,js.obj_privateOffer - dimension106,
,,,,,js.obj_privinsertion - dimension191,
,,,,,js.obj_resultlist_count - dimension150,
,,,,,js.obj_scoutId - dimension4,
,,,,,js.obj_scoutid - dimension4,
,,,,,js.obj_shortlist_count - dimension199,
,,,,,js.optimizely_user_id - link-dimension59, pageview-dimension59,
,,,,,js.orientation - dimension143,
,,,,,js.pag_content - dimension198,
,,,,,js.pag_dg1 - contentGroup1,
,,,,,js.pag_dg2 - contentGroup2,
,,,,,js.pag_dg3 - contentGroup3,
,,,,,js.pag_dg4 - contentGroup4,
,,,,,js.pag_dg5 - contentGroup5,
,,,,,js.pag_evt_context - dimension39,
,,,,,js.pag_pagetitle - location, screenName,
,,,,,js.pag_source - pageview-dimension177,
,,,,,js.psn_act_commercial - dimension31, dimension32,
,,,,,js.psn_usr_appid - link-dimension59, pageview-dimension59,
,,,,,js.psn_usr_appversion - appVersion,
,,,,,js.psn_usr_corporate_focus - dimension46,
,,,,,js.psn_usr_language - dimension25,
,,,,,js.psn_usr_login_type - dimension34,
,,,,,js.psn_usr_profile_status - dimension152,
,,,,,js.psn_usr_segment - dimension33,
,,,,,js.psn_usr_ssoid - dimension5, dimension6,
,,,,,js.relocation_audience - dimension118,
,,,,,js.svc_consumer_ftr - dimension16,
,,,,,js.svc_consumer_sco - dimension22,
,,,,,js.svc_consumer_scu - dimension40,
,,,,,js.svc_consumer_sso - dimension15,
,,,,,js.svc_internal_ip - dimension30,
,,,,,js.svc_module_name - dimension9,
,,,,,js.utm_campaign - campaignName, dimension14, pageview-dimension69, link-dimension69,
,,,,,js.utm_content - campaignContent, dimension13, pageview-dimension68, link-dimension68,
,,,,,js.utm_id - campaignId, dimension80, pageview-dimension70, link-dimension70,
,,,,,js.utm_medium - campaignMedium, dimension11, pageview-dimension66, link-dimension66,
,,,,,js.utm_source - campaignSource, dimension10, pageview-dimension65, link-dimension65,
,,,,,js.utm_term - campaignKeyword, dimension12, pageview-dimension67, link-dimension67,
,,,,,js_page.localStorage.cmp_ABTEST - dimension83,
,,,,,js_page.localStorage.optimizelyExperimentVariationKey - dimension83,
,,,,,meta.X-IS24-Origin - dimension177,
,,,,,qp.ga_cd_developer_project_app - dimension196,
,,,,,qp.qa_traffic - dimension136,
,,,,,qp.utm_campaign - campaignName, dimension14, pageview-dimension69, link-dimension69,
,,,,,qp.utm_content - campaignContent, dimension13, pageview-dimension68, link-dimension68,
,,,,,qp.utm_id - campaignId, dimension80, pageview-dimension70, link-dimension70,
,,,,,qp.utm_medium - campaignMedium, dimension11, pageview-dimension66, link-dimension66,
,,,,,qp.utm_source - campaignSource, dimension10, pageview-dimension65, link-dimension65,
,,,,,qp.utm_term - campaignKeyword, dimension12, pageview-dimension67, link-dimension67,

822,Tealium Custom Container,"Scout24 UserTrackingID",inactive,js.svc_module_name,None,
,,,,js.svc_satellite_website,,

823,Tealium Generic Tag,"hello.de Code Snippet im neuen Eigentmer-Flow",inactive,js.pag_pagetitle,None,

832,DoubleClick - Floodlight,"DoubleClick - Floodlight - Kontakanfrage Gewerbe",active,cp.utag_main_doubleclick_optout,None,
,,,,cp.utag_main_utm_campaign_ses,,
,,,,cp.utag_main_utm_medium_ses,,
,,,,cp.utag_main_utm_source_ses,,
,,,,js.cmp_load,,
,,,,js.evt_event,,
,,,,js.ftc_later_cookie_numeric,,
,,,,js.google_non_tcf_load,,
,,,,js.pag_pagetitle,,

837,DoubleClick - Floodlight,"DoubleClick - Floodlight - Registrierung",active,cp.utag_main_doubleclick_optout,None,
,,,,js.cmp_load,,
,,,,js.evt_event,,
,,,,js.ftc_session_cookie_numeric,,
,,,,js.google_non_tcf_load,,
,,,,js.svc_consumer_ftr,,

843,DoubleClick - Floodlight,"DoubleClick - Floodlight - Neubau Kontaktanfrage",active,cp.utag_main_doubleclick_optout,None,
,,,,cp.utag_main_utm_campaign_ses,,
,,,,cp.utag_main_utm_medium_ses,,
,,,,cp.utag_main_utm_source_ses,,
,,,,js.cmp_load,,
,,,,js.evt_action,,
,,,,js.evt_category,,
,,,,js.evt_event,,
,,,,js.evt_ga_action,,
,,,,js.ftc_later_cookie_numeric,,
,,,,js.google_non_tcf_load,,
,,,,js.obj_nbp,,
,,,,js.pag_pagetitle,,

852,Twitter Conversions,"Twitter Conversions - Registrierung",active,js.cmp_load,None,
,,,,js.evt_action,,
,,,,js.evt_category,,
,,,,js.evt_event,,
,,,,js.faktor_twitter_load,,
,,,,js.ftc_session_cookie_numeric,,
,,,,js.svc_consumer_sso,,
,,,,js.twitter_load,,

853,Criteo OneTag,"Criteo OneTag - Resultlist Commercial",active,js.cmp_load,js.result_list_impression_product_ids - product.id,
,,,,js.criteo_sa_load,,
,,,,js.evt_ga_action,,
,,,,js.evt_ga_category,,
,,,,js.evt_ga_label,,

854,Criteo OneTag,"Criteo OneTag - Expos Commercial",active,js.cmp_load,js.obj_scoutId - product.id,
,,,,js.criteo_sa_load,,
,,,,js.pag_pagetitle,,
,,,,js.ut.event,,

855,Criteo OneTag,"Criteo OneTag - Conversion Commercial",active,js.cmp_load,js.criteo_deduplication_using_utm - deduplication,
,,,,js.criteo_sa_load,js.criteo_price - product.price,
,,,,js.evt_event,js.criteo_quantity - product.quantity,
,,,,js.evt_ga_action,js.criteo_transaction_id - transaction_id,
,,,,js.evt_ga_category,js.obj_scoutid - product.id,
,,,,js.pag_pagetitle,,

857,Criteo OneTag,"Criteo OneTag - Startpage Commercial",active,js.cmp_load,None,
,,,,js.criteo_sa_load,,
,,,,js.pag_pagetitle,,

859,Mouseflow,"CS | 2 | Finance (Consumer)",active,js.cmp_load,cp.utag_main_psn_usr_login_cookie - loginStatus,
,,,,js.mouseflow_inc_load,cp.utag_main_utm_campaign_ses - utmCampaign,
,,,,js.pag_pagetitle,cp.utag_main_utm_medium_ses - utmMedium,
,,,,js.ut.event,cp.utag_main_utm_source_ses - utmSource,
,,,,,js.pag_pagetitle - page_url, mouseflowPath,
,,,,,js_page.localStorage.optimizelyExperimentVariationKey - optimizelyExperimentGroup,

860,DoubleClick - Floodlight,"DoubleClick - Floodlight - Bonittscheck",active,cp.utag_main_doubleclick_optout,None,
,,,,cp.utag_main_utm_campaign_ses,,
,,,,cp.utag_main_utm_medium_ses,,
,,,,cp.utag_main_utm_source_ses,,
,,,,js.cmp_load,,
,,,,js.evt_ga_action,,
,,,,js.evt_ga_category,,
,,,,js.evt_ga_label,,
,,,,js.google_non_tcf_load,,

865,DoubleClick - Floodlight,"DoubleClick - Floodlight - Umzug",active,cp.utag_main_doubleclick_optout,None,
,,,,cp.utag_main_utm_campaign_ses,,
,,,,cp.utag_main_utm_medium_ses,,
,,,,cp.utag_main_utm_source_ses,,
,,,,js.cmp_load,,
,,,,js.evt_ga_action,,
,,,,js.evt_ga_category,,
,,,,js.evt_ga_label,,
,,,,js.google_non_tcf_load,,

898,Bing Ads Universal Event Tracking (UET),"Bing Ads Universal Event Tracking (UET) - All pages",active,cp.utag_main_bing_optout,None,
,,,,dom.domain,,
,,,,js.bing_load,,
,,,,js.cmp_load,,
,,,,js.svc_module_name,,

900,DoubleClick - Floodlight,"DoubleClick - Floodlight - PPA Sale",active,cp.utag_main_doubleclick_optout,None,
,,,,cp.utag_main_utm_campaign_ses,,
,,,,cp.utag_main_utm_medium_ses,,
,,,,js.cmp_load,,
,,,,js.com_cit_articlenumber,,
,,,,js.google_non_tcf_load,,

908,Tealium Collect,"One Scout User Database - data collection Prod",active,js.cmp_load,None,
,,,,js.scout24_ag_load,,
,,,,js.svc_module_name,,
,,,,js.svc_satellite_website,,
,,,,js.ut.env,,
,,,,js_page.utag_data.svc_satellite_website,,

913,Tealium Collect,"One Scout User Database - data collection Dev/QA",active,js.svc_module_name,None,
,,,,js.svc_satellite_website,,
,,,,js.ut.env,,
,,,,js_page.utag_data.svc_satellite_website,,

938,DoubleClick - Floodlight,"DoubleClick - Floodlight - Relocation Leadengine Private",active,cp.utag_main_doubleclick_optout,None,
,,,,js.cmp_load,,
,,,,js.evt_ga_action,,
,,,,js.evt_ga_category,,
,,,,js.evt_ga_label,,
,,,,js.google_non_tcf_load,,

943,Mouseflow,"CS | 3 | B2C (Solvency)",inactive,js.cmp_load,cp.utag_main_psn_usr_login_cookie - loginStatus,
,,,,js.mouseflow_inc_load,cp.utag_main_utm_campaign_ses - utmCampaign,
,,,,js.pag_pagetitle,cp.utag_main_utm_content_ses - utmContent,
,,,,js.ut.event,cp.utag_main_utm_medium_ses - utmMedium,
,,,,js_page.localStorage.optimizelyExperimentVariationKey,cp.utag_main_utm_source_ses - utmSource,
,,,,,js.pag_pagetitle - page_url, mouseflowPath,
,,,,,js_page.localStorage.optimizelyExperimentVariationKey - optimizelyExperimentGroup,

963,DoubleClick - Floodlight,"DoubleClick - Floodlight - Maklerleadengine ",active,cp.utag_main_doubleclick_optout,None,
,,,,js.cmp_load,,
,,,,js.google_non_tcf_load,,
,,,,js.pag_pagetitle,,

